timestamp,v1(V),i1(A),p1(W),e1(kWh),f1(Hz),pf1,v2(V),i2(A),p2(W),e2(kWh),f2(Hz),pf2,v3(V),i3(A),p3(W),e3(kWh),f3(Hz),pf3
2026-05-30 00:12:39,230.21,1.62,334.44,140.7932,50.18,0.973,231.77,1.951,417.92,88.8696,49.7,0.939,229.43,0.617,127.98,202.4702,50.06,0.973
2026-05-30 00:12:43,226.56,1.5,291.02,153.3521,49.84,0.89,227.53,2.487,517.61,86.4911,49.92,0.866,230.1,0.927,199.3,190.8544,50.19,0.945
2026-05-30 00:12:46,229.92,1.839,406.14,156.7235,50.11,0.917,225.81,2.107,426.69,92.4448,50.07,0.852,231.76,1.072,235.5,193.8256,50.15,0.983
2026-05-30 00:12:50,231.26,1.396,298.06,150.8314,50.13,0.929,231.62,2.096,411.27,93.0765,49.76,0.864,235.04,1.401,307.61,205.2066,50.15,0.927
2026-05-30 00:12:54,227.1,1.207,262.04,140.6411,50.16,0.881,224.8,2.186,455.24,86.0373,49.96,0.904,231.26,1.35,282.49,203.7212,50.1,0.976
2026-05-30 00:12:57,232.28,1.739,354.41,145.5679,50.12,0.921,225.06,1.991,409.77,87.3437,49.72,0.886,230.85,0.698,159.14,207.0566,50.13,0.93
2026-05-30 00:13:01,228.75,1.328,259.45,141.6658,49.93,0.908,225.6,2.297,447.11,88.3501,49.8,0.885,232.21,1.314,300.26,198.4524,50.02,0.941
2026-05-30 00:13:04,227.21,1.704,377.47,141.5025,49.92,0.975,231.01,2.083,405.91,88.6657,49.87,0.865,234.35,0.731,162.57,193.8003,50.24,0.947
2026-05-30 00:13:08,226.45,1.208,261.75,154.2508,50.07,0.888,228.4,2.74,527.62,88.3361,50.07,0.855,234.96,1.44,307.84,206.7891,50.17,0.955
2026-05-30 00:13:11,231.14,1.503,322,158.3391,49.89,0.892,227.83,2.641,512.07,90.29,49.96,0.895,230.73,0.605,133.57,207.1447,50.3,0.934
2026-05-30 00:13:15,226.96,1.306,288.22,149.1386,49.83,0.93,227.18,2.382,453.97,94.5423,49.8,0.903,235.55,1.278,293.85,191.9015,50.23,0.984
2026-05-30 00:13:19,231.75,1.875,383.35,143.6011,50.04,0.907,230.72,2.857,575.78,94.132,49.86,0.889,231.35,0.602,134.87,203.9261,50.24,0.937
2026-05-30 00:13:23,228.94,1.371,277.76,142.1944,50.17,0.884,225.22,2.21,471.79,98.652,49.71,0.882,231.89,1.328,288.59,191.3157,50.28,0.938
2026-05-30 00:13:27,233.83,1.386,312.15,147.4004,50.05,0.935,224.99,3.1,655.28,95.1901,49.85,0.859,230.65,1.394,313.17,191.3268,50.18,0.987
2026-05-30 00:13:30,228.67,1.66,353.9,142.8996,49.88,0.969,226.2,2.785,574.82,92.3701,49.92,0.933,235.93,1.137,260.43,197.9295,50.03,0.981
2026-05-30 00:13:34,233.91,1.376,277.11,155.4952,50.15,0.973,231.99,2.977,622.16,97.8206,49.93,0.938,229.28,0.67,141.44,201.944,50.05,0.977
2026-05-30 00:13:38,230.91,1.425,320.69,153.5299,50.03,0.895,225.93,2.925,589.06,91.3377,49.7,0.928,231.88,0.619,136.19,207.9094,50.11,0.974
2026-05-30 00:13:41,228.33,1.676,366.78,144.4268,50.13,0.89,226.38,3.145,638.17,97.7777,49.85,0.858,228.48,1.277,288.28,196.4369,50.2,0.977
2026-05-30 00:13:45,233.82,1.321,264.55,140.115,49.88,0.927,229.68,1.991,386.78,99.9832,49.98,0.872,233.44,1.194,257.62,202.6755,50.19,0.95
2026-05-30 00:13:49,232.83,1.953,402.48,159.6672,49.81,0.958,226.25,2.556,510.65,85.1295,50.06,0.856,231.17,0.949,215.4,202.2605,50.08,0.977
2026-05-30 00:13:52,228.66,1.958,402.06,141.1049,50.18,0.915,229.37,2.239,422.75,89.3926,50.08,0.855,229.96,1.148,242.51,194.4983,50.11,0.927
2026-05-30 00:13:56,227.49,1.628,341.96,143.7012,50.16,0.926,231.61,2.475,525.68,87.4513,49.97,0.925,232.05,1.26,286.31,200.4097,50.05,0.923
2026-05-30 00:14:01,230.01,1.437,286.89,145.0082,49.8,0.944,230.24,3.085,677.77,97.0851,49.86,0.897,235.71,0.635,147.36,196.7069,50.19,0.959
2026-05-30 00:14:04,229.65,1.558,337.87,144.7661,50.11,0.932,225.93,2.303,475.96,91.7902,49.8,0.873,233.68,0.784,169.92,190.3496,50.15,0.972
2026-05-30 00:14:08,229.32,1.209,238.75,141.1352,49.85,0.915,226.94,2.811,557.4,97.8138,49.78,0.856,232.58,1.479,333.61,203.6943,50.05,0.924
2026-05-30 00:14:12,231.96,1.558,332.43,155.9715,49.96,0.935,224.23,2.727,549.34,95.9154,49.89,0.924,234.99,0.684,152.34,196.1026,50.21,0.989
2026-05-30 00:14:16,227.98,1.679,336.11,145.5726,50.17,0.945,228.3,1.946,378.66,97.9726,49.86,0.867,229.59,0.968,219.06,200.9871,50.03,0.955
2026-05-30 00:14:20,231.52,1.22,261.49,153.8844,49.85,0.965,231.14,1.843,356.99,87.1848,49.88,0.897,232.16,1.365,307.79,200.3472,50.12,0.94
2026-05-30 00:14:24,232.06,1.492,330.57,145.2228,49.83,0.948,225.96,2.438,498.8,88.3542,49.71,0.925,230.48,1.044,225.9,203.8821,50.09,0.968
2026-05-30 00:14:27,232.18,1.975,428.31,157.7482,50.03,0.961,224.69,3.008,576.08,91.791,49.99,0.871,231.36,1.297,281.43,191.1419,50.05,0.934
2026-05-30 00:14:31,227.49,1.521,320.71,153.1131,49.99,0.914,230.32,1.959,377.64,92.8967,50.06,0.859,229.21,1.286,280.35,190.1995,50.06,0.922
2026-05-30 00:14:35,227.02,1.808,392.43,154.175,49.97,0.948,230.71,2.226,435.55,90.3373,50.07,0.925,234.84,0.943,205.43,195.9107,50.26,0.981
2026-05-30 00:14:39,226.86,1.512,333.96,153.8718,49.9,0.958,231.77,3.076,603.78,93.9618,50.05,0.941,234.82,1.013,225.49,207.0157,50.23,0.987
2026-05-30 00:14:43,228.13,1.34,268.68,152.239,50.12,0.902,231.33,3.043,582.92,89.297,49.9,0.852,235.6,1.331,287.85,202.973,50.01,0.964
2026-05-30 00:14:47,228.65,1.738,370.04,153.0848,50.03,0.898,225.85,2.349,477.18,94.9844,50.05,0.941,233.82,1.25,266.11,203.451,50.26,0.964
2026-05-30 00:14:51,230.95,1.478,320.53,140.4719,50.07,0.936,231.47,2.521,495.11,91.4366,50.1,0.853,235.93,1.053,240.92,209.9128,50.21,0.988
2026-05-30 00:14:54,230.63,1.898,382.33,159.4165,49.98,0.936,228.85,3.01,658.91,85.2381,49.98,0.901,230.76,1.141,240.81,193.8538,50.22,0.935
2026-05-30 00:14:58,230.44,1.888,377.71,145.1113,50.11,0.915,226,2.071,422.15,92.3782,50.02,0.905,234.09,1.304,287.27,191.8901,50.24,0.971
2026-05-30 00:15:02,229.95,1.854,409.24,142.0469,50.09,0.901,230.92,3.124,678.67,94.8276,49.91,0.901,234.48,1.482,322.31,201.1403,50.14,0.967
2026-05-30 00:15:06,231.39,1.614,329.83,156.8687,50.01,0.949,226.15,3.129,638.17,95.1434,49.74,0.929,234.14,1.244,271.34,206.1864,50.1,0.925
2026-05-30 00:15:09,230.72,1.915,413.07,152.4638,50.17,0.943,227.87,2.577,541.04,87.125,49.85,0.879,228.45,0.683,152.16,191.9886,50.27,0.957
2026-05-30 00:15:13,233.39,1.326,282.23,143.7018,50.15,0.964,226.53,3.146,604.35,87.4904,49.71,0.852,228.42,0.913,195.72,198.8662,50.15,0.931
2026-05-30 00:15:17,230.13,1.726,352.52,158.9209,49.87,0.935,228.98,1.962,408.79,88.1687,49.95,0.933,229.07,0.987,223.74,207.0956,50.03,0.982
2026-05-30 00:15:20,227.69,1.345,283.35,144.6107,50.01,0.894,229.64,2.718,571.01,86.7839,49.8,0.871,231.38,0.737,168.56,204.3332,50.09,0.953
2026-05-30 00:15:25,231.35,1.53,334.59,148.852,49.83,0.973,226.88,1.915,413.74,97.4945,49.89,0.933,234.34,0.98,221.2,192.8778,50.29,0.97
2026-05-30 00:15:28,229.37,1.463,286.16,151.5159,50.09,0.94,228.14,2.726,542.95,86.9417,49.72,0.916,235.33,1.499,319.34,198.8932,50.15,0.976
2026-05-30 00:15:32,230.18,1.285,287.35,148.5121,50.12,0.941,230.28,2.982,571.23,89.6645,49.88,0.923,228.58,0.644,138.29,206.3303,50.27,0.941
2026-05-30 00:15:36,229.41,1.298,264.99,141.5526,49.82,0.898,228.68,2.941,624.4,97.1239,50.06,0.872,228.78,1.278,279.47,205.925,50.02,0.92
2026-05-30 00:15:39,226.28,1.606,323.83,143.1054,49.83,0.944,224.39,1.861,345.62,86.1505,49.79,0.864,230.24,1.047,235.41,190.5686,50.29,0.93
2026-05-30 00:15:43,232.24,1.354,301.62,150.268,49.87,0.888,226.14,2.294,451.47,98.5037,50.04,0.935,232.33,1.277,287.84,193.6298,50.25,0.989
2026-05-30 00:15:47,230.6,1.833,389.23,150.7892,50.06,0.975,229.92,2.793,528.8,88.2698,49.99,0.909,233.83,1.081,240.12,190.3126,50.15,0.936
2026-05-30 00:15:51,230.21,1.419,311.1,147.1934,49.82,0.927,229.67,2.7,550.41,99.0292,49.99,0.907,232.31,1.375,308.56,206.642,50.26,0.961
2026-05-30 00:15:55,233.65,1.916,409.93,158.8118,50.02,0.904,229.39,1.929,369.61,98.7379,49.93,0.873,231.44,0.972,216.8,206.262,50.28,0.977
2026-05-30 00:15:58,228.87,1.829,375.15,158.669,49.94,0.964,229.86,3.012,634.27,99.2318,49.88,0.892,234.73,1.299,275.45,198.8375,50.14,0.955
2026-05-30 00:16:02,226.13,1.793,371.15,140.1066,49.95,0.938,227.98,2.003,404.25,98.1443,49.88,0.872,234.75,1.144,255.47,192.872,50.2,0.985
2026-05-30 00:16:05,233.49,1.699,371.15,147.2983,49.85,0.885,232.95,2.35,449.69,88.2277,49.78,0.87,231.83,1.365,295.51,203.3727,50.06,0.983
2026-05-30 00:16:09,226.35,1.472,300.54,155.6166,49.91,0.975,229.35,2.002,425.77,85.9779,49.75,0.918,229.75,1.078,224.85,208.7005,50.07,0.971
2026-05-30 00:16:13,230.62,1.647,333.25,150.0556,50.11,0.968,229.96,2.827,545.99,85.3536,49.99,0.851,235.51,0.787,177.14,201.7168,50.25,0.975
2026-05-30 00:16:17,228.7,1.226,268.98,153.7581,50.16,0.928,231.82,2.53,560.72,88.9142,49.89,0.93,235.3,1.237,265.36,200.1414,50.11,0.934
2026-05-30 00:16:20,229.45,1.876,380.32,142.735,49.84,0.895,227.26,3.134,676.47,88.8854,49.73,0.894,230.05,1.282,282.79,197.4362,50.25,0.99
2026-05-30 00:16:24,229.7,1.627,328.38,156.0181,49.93,0.948,229.01,2.334,472.44,95.2847,49.94,0.887,234.25,0.653,138.95,209.9296,50.07,0.96
2026-05-30 00:16:28,231.73,1.201,237.12,159.1413,50.17,0.913,227.07,2.779,558.44,88.9729,49.85,0.855,230.79,1.188,252.97,200.2267,50.13,0.923
2026-05-30 00:16:32,227.63,1.653,323.98,158.3577,50.05,0.885,225.29,1.874,369.78,91.4099,49.96,0.93,232.12,0.624,135.33,206.6416,50.06,0.954
2026-05-30 00:16:35,230.71,1.902,391.35,147.7538,50.19,0.97,224.3,2.027,403.64,86.0646,49.76,0.949,229.57,1.154,258.19,204.2368,50.1,0.925
2026-05-30 00:16:39,227.63,1.704,331.23,142.2121,49.96,0.931,227.29,3.033,615.11,99.9535,49.83,0.888,230.53,1.153,253.28,208.6684,50.29,0.967
2026-05-30 00:16:42,227.51,1.381,280.26,151.0372,49.95,0.951,232.27,2.225,490.87,89.4854,49.74,0.927,235.94,1.236,264.48,200.1526,50.2,0.969
2026-05-30 00:16:46,233.27,1.902,408.96,154.9145,49.92,0.882,227.19,2.969,641.77,95.425,49.84,0.853,231.86,0.846,191.48,206.1227,50.28,0.956
2026-05-30 00:16:49,226.54,1.498,309.04,152.9156,50.14,0.934,232.57,2.959,626.34,94.638,49.98,0.856,231.83,0.837,177.68,195.2116,50.16,0.962
2026-05-30 00:16:53,230.61,1.799,356.79,153.2614,50.04,0.936,229.45,2.769,592.16,96.5187,49.97,0.883,232.75,0.815,172.5,208.7036,50.13,0.937
2026-05-30 00:16:56,231.28,1.975,447.04,142.61,50.08,0.926,232.2,3.161,633.4,96.2806,49.94,0.905,234.52,1.43,310.8,205.4459,50.11,0.929
2026-05-30 00:17:00,230.6,1.571,336.87,148.4953,49.84,0.926,229.82,2.725,596.58,90.3867,50.09,0.863,228.67,0.628,130.88,209.463,50.02,0.942
2026-05-30 00:17:04,230.74,1.341,273.17,146.5791,50.07,0.893,228.31,3.143,662.86,86.1595,49.85,0.901,231.91,0.903,201.24,209.252,50.26,0.986
2026-05-30 00:17:07,230.6,1.93,382.07,155.2279,49.8,0.944,230.11,2.28,495.47,99.3557,49.9,0.867,230.33,0.984,221.21,196.7578,50.14,0.953
2026-05-30 00:17:10,231.09,1.886,376.36,156.5875,49.86,0.959,225.89,2.54,504.31,97.8058,50.1,0.902,231.96,1.415,296.97,202.584,50.15,0.983
2026-05-30 00:17:14,230.36,1.677,354.18,155.4078,50.1,0.979,231.14,2.575,518.15,88.8686,49.97,0.853,228.45,1.183,265.73,192.1656,50.13,0.941
2026-05-30 00:17:18,227.86,1.312,291.31,155.6857,50.14,0.946,226.71,2.388,461.26,99.8321,49.93,0.905,231.36,1.28,274.53,207.2479,50.25,0.936
2026-05-30 00:17:21,229.07,1.976,403.9,150.9729,50.06,0.914,224.83,2.068,418.65,93.9068,49.8,0.901,230.7,0.717,159.3,202.5682,50.02,0.971
2026-05-30 00:17:25,231.13,1.232,268.97,151.9769,49.85,0.971,228.75,2.894,625.17,88.6597,49.93,0.924,235.88,0.703,159.78,199.7557,50.15,0.977
2026-05-30 00:17:28,226.45,1.535,330.14,159.2786,49.98,0.929,228.17,2.089,393.95,87.4034,50.06,0.936,229.7,1.458,309.01,190.1601,50.04,0.936
2026-05-30 00:17:32,232.45,1.842,368.24,140.898,50.17,0.902,230.54,2.47,504.42,89.337,50.02,0.905,234.56,1.475,338.44,194.3895,50.03,0.97
2026-05-30 00:17:35,229.65,1.746,370.8,151.4858,49.95,0.939,224.81,2.632,567.34,86.8477,49.87,0.895,233.83,1.074,232.77,202.8032,50.27,0.964
2026-05-30 00:17:39,232.02,1.381,313.03,149.6817,49.9,0.961,226.13,1.918,395.63,99.364,49.72,0.906,229.14,0.943,207.04,205.9383,50.01,0.959
2026-05-30 00:17:42,228.32,1.404,300.44,146.6128,49.93,0.932,228.1,2.713,583.49,99.8382,49.76,0.856,231.62,1.337,291.71,204.0846,50.17,0.942
2026-05-30 00:17:45,233.4,1.978,415.81,142.3275,50.11,0.881,228.88,2.014,430.88,87.1848,49.73,0.949,231.84,0.91,191.61,209.7509,50.1,0.966
2026-05-30 00:17:49,227.53,1.271,279.43,156.2139,49.8,0.885,230.92,2.61,548.54,93.8436,50.09,0.904,230.25,1.393,288.9,209.3377,50.07,0.95
2026-05-30 00:17:52,228.93,1.67,361.05,159.0887,50.04,0.967,232.07,1.998,432.49,86.0934,49.81,0.852,235.56,1.348,299.06,192.7866,50.03,0.931
2026-05-30 00:17:56,230.19,1.949,384.92,141.7769,49.93,0.974,228.73,2.536,494.82,86.3043,49.86,0.936,232.31,1.285,287.19,198.3735,50.26,0.98
2026-05-30 00:17:59,230.85,1.452,302.96,159.51,49.88,0.971,232.06,2.006,434.89,85.6966,49.76,0.881,228.34,1.358,279.83,190.832,50.3,0.966
2026-05-30 00:18:03,230,1.332,270.36,155.3125,49.92,0.979,230.15,2.53,533.3,99.0654,49.98,0.851,230.85,0.918,206.19,200.652,50.1,0.963
2026-05-30 00:18:06,230.14,1.573,351.58,149.2,49.85,0.917,230.84,2.081,433.56,98.2261,49.92,0.906,231.86,0.936,213.2,203.0577,50.17,0.925
2026-05-30 00:18:10,228.66,1.699,362.63,150.2287,50.12,0.907,231.3,1.972,417.49,96.5289,49.86,0.905,228.02,1.359,286.2,191.6733,50.09,0.962
2026-05-30 00:18:14,229.9,1.819,396.02,142.324,49.98,0.924,231.5,2.033,442.44,97.0031,49.95,0.934,233.53,1.237,272.36,191.5412,50.02,0.979
2026-05-30 00:18:18,229.23,1.606,330.99,141.3903,50.07,0.93,229.91,2.148,429.71,86.1197,49.82,0.865,228.17,0.771,168.06,192.1182,50.17,0.964
2026-05-30 00:18:22,226.7,1.334,280.7,155.9963,50.03,0.915,231.89,2.773,576.88,98.3744,50.07,0.854,232.07,0.73,153.16,202.4403,50.09,0.952
2026-05-30 00:18:25,232.57,1.58,321.06,156.5923,49.85,0.939,227.06,2.013,383.71,85.4769,49.94,0.927,228.43,0.753,167.59,208.7388,50.26,0.938
2026-05-30 00:18:29,231,1.561,316.84,147.5736,49.83,0.915,227.31,2.964,612.19,86.8414,49.72,0.925,233.82,0.888,192.39,194.9244,50.26,0.955
2026-05-30 00:18:33,231.14,1.892,412.06,151.5644,50.19,0.962,231.86,3.065,620.52,98.2805,49.94,0.888,230.38,1.285,285.86,196.0402,50.28,0.939
2026-05-30 00:18:37,233.4,1.263,282.52,155.5072,49.89,0.903,225.87,2.854,606.7,95.8647,49.74,0.894,232.67,1.346,282.02,206.5069,50.21,0.983
2026-05-30 00:18:40,231.17,1.617,335.52,140.2222,49.82,0.906,227.1,2.536,546.86,87.9558,49.99,0.855,233.05,1.043,234.82,200.3923,50.28,0.958
2026-05-30 00:18:45,231.69,1.544,334.02,158.3515,50.04,0.925,229.96,2.967,635.63,91.7191,49.87,0.875,231.6,0.72,159.5,206.1681,50.15,0.947
2026-05-30 00:18:48,231.65,1.675,370.6,141.8385,49.81,0.946,225.62,3.051,633.82,97.6646,49.98,0.858,231.2,1.001,214.17,194.9136,50.05,0.983
2026-05-30 00:18:53,227.71,1.602,310.99,158.9018,50.16,0.905,231.91,2.248,446.42,88.7244,49.86,0.928,229.45,0.926,208.66,200.4415,50.1,0.943
2026-05-30 00:18:56,229.4,1.874,410.81,154.5979,49.89,0.909,232.82,2.843,602.13,87.6382,50.05,0.869,233.03,0.751,161.2,196.7346,50.21,0.933
2026-05-30 00:19:00,229.83,1.469,300.54,149.4292,49.94,0.926,228.35,2.935,554.27,99.4807,49.98,0.922,228.3,1.37,303.38,206.3954,50.04,0.969
2026-05-30 00:19:04,229.74,1.487,334.04,154.3483,49.83,0.883,230.51,2.044,401.17,99.0681,49.86,0.891,228.59,1.275,272.97,200.834,50.25,0.931
2026-05-30 00:19:07,231.27,1.887,419.82,141.1848,49.9,0.884,230.24,2.311,475.33,89.3941,49.78,0.947,230.32,1.451,310.4,195.5918,50.08,0.931
2026-05-30 00:19:11,232.58,1.553,340.3,157.602,49.87,0.881,229.02,2.294,451.01,95.7158,49.98,0.87,229.62,0.638,142.96,198.961,50.28,0.96
2026-05-30 00:19:15,233.79,1.501,329.64,151.1692,50.09,0.911,231.05,2.029,446.34,97.7305,49.85,0.892,234.09,1.229,279.97,202.9133,50.28,0.945
2026-05-30 00:19:18,226.36,1.268,245.35,143.2641,50.1,0.932,227.8,1.836,379.2,85.3319,49.97,0.872,232.45,1.009,224.83,199.6847,50.27,0.921
2026-05-30 00:19:22,226.68,1.812,374.95,158.1513,50.06,0.882,228.75,2.171,428.31,88.8869,49.88,0.933,232,0.802,175.17,203.119,50.05,0.938
2026-05-30 00:19:25,230.96,1.708,360.5,146.8477,49.97,0.885,225.05,2.571,476.07,85.9005,50.01,0.926,234.02,0.671,147.66,196.2204,50.12,0.939
2026-05-30 00:19:29,231.51,1.433,305.48,156.1932,50.03,0.92,228.21,2.004,411.23,91.2303,49.96,0.934,230.91,0.942,200.93,196.2323,50.15,0.985
2026-05-30 00:19:32,230.32,1.465,306.9,146.4598,49.83,0.913,225.75,2.193,409.59,88.1427,50.05,0.911,230.28,0.753,161.42,200.053,50.14,0.944
2026-05-30 00:19:36,227.62,1.971,437.78,156.5052,50.11,0.894,230.65,2.387,481.52,86.256,49.76,0.882,228.13,1.125,245.58,200.4595,50.2,0.944
2026-05-30 00:19:39,226.73,1.373,300.35,157.1054,49.9,0.975,225.73,2.252,438.29,96.4953,50.01,0.879,235.85,1.38,318.86,195.3515,50.1,0.938
2026-05-30 00:19:43,233.43,1.613,355.78,146.6431,49.89,0.88,228.42,2.483,529.31,96.5698,50.09,0.855,231.27,0.763,159.58,207.7314,50.13,0.963
2026-05-30 00:19:46,227.35,1.494,293.1,156.849,50.03,0.92,225.17,2.778,522.88,86.8514,50.01,0.856,231.64,1.329,296.34,203.1337,50.13,0.967
2026-05-30 00:19:50,229.28,1.604,341.45,158.8445,49.86,0.886,227.82,3.108,609.81,93.2748,49.86,0.923,228.02,1.19,260.55,190.3297,50.28,0.923
2026-05-30 00:19:53,230.12,1.745,343.88,144.9066,50.05,0.975,230.01,2.266,465.99,92.5595,49.85,0.86,230.63,1.315,295.47,192.3934,50.22,0.935
2026-05-30 00:19:57,232.36,1.868,396.41,154.714,50.17,0.933,230.03,1.902,375.59,93.3895,49.7,0.867,232.5,1.139,247.4,203.6757,50.06,0.948
2026-05-30 00:20:00,233.34,1.318,277.65,148.9011,49.94,0.922,231.3,2.808,613.08,94.0135,49.94,0.906,235.02,0.791,179.11,200.5514,50.1,0.967
2026-05-30 00:20:04,233.48,1.252,257.41,147.9499,49.88,0.923,230.82,2.214,456.93,86.4745,49.72,0.946,234.22,1.375,308.79,193.9877,50.14,0.926
2026-05-30 00:20:08,229.3,1.411,308.19,147.9561,49.86,0.94,228.58,2.235,428.81,92.5708,49.78,0.944,229.63,1.376,287.23,194.8967,50.24,0.958
2026-05-30 00:20:11,229.49,1.56,319.05,144.6004,49.97,0.917,227.39,2.082,393.8,99.5013,49.76,0.918,231.72,1.138,256.68,200.7649,50.22,0.989
2026-05-30 00:20:15,230.49,1.784,352.9,141.6819,50.17,0.892,228.76,2.149,439.21,90.6863,49.97,0.93,232.14,1.347,309.16,191.4455,50.28,0.988
2026-05-30 00:20:18,227.81,1.396,292.62,142.8414,49.94,0.952,232.25,2.871,635.45,88.3943,49.95,0.939,229.55,1.471,314.99,209.7779,50.01,0.921
2026-05-30 00:20:22,229.9,1.999,400.97,153.4281,49.82,0.901,231.49,2.8,602.84,90.2212,49.85,0.868,234.88,0.625,136.42,202.6054,50.26,0.938
2026-05-30 00:20:25,228.11,1.655,325.53,159.442,49.92,0.973,232.91,2.127,420.3,90.6806,49.83,0.891,235.61,1.465,337.39,194.8879,50.29,0.954
2026-05-30 00:20:29,229.58,1.466,310.73,159.1738,50.16,0.978,225.01,2.207,462.68,87.8458,49.84,0.855,232.46,0.724,159.4,207.6958,50.16,0.929
2026-05-30 00:20:32,230.57,1.25,265.82,151.781,50.19,0.943,230.79,2.237,467.78,95.3669,49.78,0.895,233.83,1.398,310.19,194.0081,50.02,0.926
2026-05-30 00:20:37,226.57,1.526,326.04,148.9447,49.86,0.9,224.22,1.833,391.04,98.8501,49.85,0.874,233.13,1.388,317.55,190.4335,50.04,0.976
2026-05-30 00:20:40,229.19,1.892,369,151.6725,50.05,0.884,231.57,2.329,454.41,87.9769,49.89,0.903,230.17,0.996,207.77,207.6544,50.21,0.945
2026-05-30 00:20:44,228.79,1.697,366.03,150.999,49.8,0.907,226.74,2.126,425.23,88.3954,49.94,0.855,228.6,1.086,235.35,206.1787,50.13,0.966
2026-05-30 00:20:47,229.17,1.288,268.51,144.1584,49.98,0.938,229.53,2.684,525.7,98.66,50.06,0.856,234.68,0.609,133.81,193.3152,50.16,0.986
2026-05-30 00:20:51,230.48,1.359,267.97,152.3981,50.13,0.974,225.93,1.95,365.05,89.3105,49.83,0.915,232.98,1.08,233.99,191.1936,50.3,0.932
2026-05-30 00:20:55,226.51,1.557,338.4,148.7286,49.99,0.975,231.76,2.559,541.08,94.3893,49.72,0.924,230.75,0.625,138.92,203.9342,50.14,0.986
2026-05-30 00:20:59,230.97,1.255,274.4,151.3776,50.19,0.89,232.01,2.158,472.54,97.9028,49.84,0.931,231.23,0.762,166.35,208.8368,50.18,0.982
2026-05-30 00:21:03,232.32,1.29,269.88,143.3906,49.84,0.887,232.56,2.806,563.98,97.6178,49.92,0.915,233.91,0.621,143.07,205.2415,50.05,0.975
2026-05-30 00:21:07,230.69,1.617,352.3,151.1651,49.93,0.913,227.52,2.67,571.71,92.5525,49.93,0.874,233.21,0.79,178.51,205.6128,50.01,0.922
2026-05-30 00:21:10,232.61,1.746,357.67,157.7456,49.85,0.947,228.94,3.141,624.54,96.9622,49.8,0.895,231.95,1.016,217.09,207.4505,50.15,0.962
2026-05-30 00:21:14,228.6,1.682,332.27,150.5615,50.18,0.919,224.66,2.828,534.15,92.2085,50.05,0.93,229.38,1.047,219.87,204.4614,50.23,0.946
2026-05-30 00:21:18,230.01,1.214,257.18,145.9562,50.03,0.944,232.94,1.82,389.37,85.8589,50.1,0.937,231.99,1.474,328.42,196.1435,50.13,0.923
2026-05-30 00:21:22,226.04,1.466,300.72,157.0478,50.13,0.959,227.69,2.406,515.09,86.6732,49.76,0.854,231.38,1.431,307.9,193.1853,50.12,0.984
2026-05-30 00:21:26,233.27,1.618,369.08,142.0268,50.01,0.955,228.03,2.089,408.45,98.0509,49.78,0.914,230.04,1.255,265.54,199.8024,50.26,0.934
2026-05-30 00:21:30,231.4,1.533,314.81,140.485,49.83,0.89,228.9,2.599,538.53,87.1763,49.87,0.898,235.01,1.275,290.49,209.8349,50.01,0.975
2026-05-30 00:21:33,227.16,1.758,370.27,156.8588,49.89,0.886,232.82,2.916,614.9,87.8854,49.76,0.887,232.61,0.817,180,192.1624,50.03,0.983
2026-05-30 00:21:36,232.91,1.366,304.12,149.8276,49.92,0.973,225.4,2.341,433.33,90.4215,49.75,0.868,232.78,1.412,305.08,198.7222,50.17,0.969
2026-05-30 00:21:40,233.43,1.981,407.96,148.0987,50.13,0.955,229.6,2.895,558.52,93.9732,49.92,0.932,228.59,1.095,233.18,200.522,50.03,0.989
2026-05-30 00:21:43,230.12,1.289,268.78,144.3304,50.05,0.935,227.51,1.938,406.31,85.8891,49.92,0.886,234.55,0.932,196.95,201.605,50.06,0.921
2026-05-30 00:21:47,231.33,1.892,398.5,158.5337,49.89,0.947,230.56,2.773,543.34,91.9132,49.89,0.888,234.29,1.212,266.88,209.1812,50.01,0.971
2026-05-30 00:21:50,233.14,1.243,275.88,149.0221,49.88,0.895,231.72,2.572,526.28,91.9127,49.97,0.934,230.51,0.84,182.05,205.4529,50.19,0.977
2026-05-30 00:21:54,233.51,1.66,376.46,144.4294,50.16,0.953,230.59,3.013,659.01,98.7824,50.03,0.933,235.91,1.009,220,201.2724,50.13,0.977
2026-05-30 00:21:58,228.36,1.383,269.35,157.4929,49.8,0.953,224.29,2.512,476.5,92.3038,50.09,0.879,231.18,0.618,137.27,193.3604,50.22,0.953
2026-05-30 00:22:01,229.08,1.415,278.95,157.8676,49.93,0.908,224.13,2.466,514.49,98.6334,50.09,0.941,228.75,0.626,138.69,190.8422,50.1,0.987
2026-05-30 00:22:05,228.52,1.572,321.56,149.6561,49.81,0.917,232.75,2.014,398.35,93.4152,49.91,0.93,233.38,1.365,315.34,195.5723,50.11,0.93
2026-05-30 00:22:08,227.65,1.92,379.59,150.769,49.93,0.923,231.35,1.916,415.21,88.7444,49.84,0.867,235.17,1.054,232.49,195.4384,50.15,0.977
2026-05-30 00:22:12,231.99,1.46,317.53,144.4344,49.97,0.898,231.77,2.701,519.73,88.5658,50.05,0.877,228.8,1.448,322.07,204.214,50.21,0.958
2026-05-30 00:22:15,227.63,1.789,381.35,143.9521,49.82,0.924,228.74,1.812,366.45,93.2346,50.09,0.86,233.91,1.467,330.64,209.1848,50.05,0.975
2026-05-30 00:22:19,230.48,1.648,341.24,152.9806,49.85,0.914,232.52,2.967,652.03,96.2723,49.81,0.92,228.81,1.426,299.12,202.6032,50.02,0.929
2026-05-30 00:22:22,227.44,1.285,270.12,149.9407,49.88,0.926,232.54,1.881,361.5,97.5657,50.03,0.899,233.45,0.773,178.22,194.5312,50.18,0.971
2026-05-30 00:22:26,231.25,1.834,409.9,141.4933,50.19,0.931,230.7,2.417,515.7,86.6026,49.86,0.874,230.9,1.205,274.64,205.1491,50.27,0.983
2026-05-30 00:22:29,226.27,1.595,337,156.8229,50.06,0.968,229.79,1.879,366.79,97.6441,49.75,0.864,230.22,0.622,133.41,199.6604,50.15,0.988
2026-05-30 00:22:33,228.58,1.831,383.12,146.4602,49.87,0.943,227.12,2.605,494.46,95.1171,49.94,0.944,228.01,0.651,139.72,196.2154,50.01,0.985
2026-05-30 00:22:36,229.66,1.842,380.72,141.1477,49.86,0.901,224.24,2.009,380.28,96.7812,50.05,0.899,233.47,1.242,265.81,204.3924,50.18,0.951
2026-05-30 00:22:40,229.83,1.454,312.44,159.2647,49.88,0.916,225.51,2.157,421.05,89.0774,49.98,0.923,233.14,1.397,313.17,196.8265,50.23,0.939
2026-05-30 00:22:44,226.63,1.676,354.71,154.1254,50.06,0.906,224.15,2.82,545.81,89.8552,49.85,0.915,235.16,0.794,176.43,200.5573,50.07,0.942
2026-05-30 00:22:47,233.37,1.337,292,148.39,50.12,0.954,226.45,2.588,537.39,88.3002,49.77,0.891,234.32,0.63,145.68,208.5962,50.04,0.922
2026-05-30 00:22:50,229.98,1.21,240.32,154.8394,50.2,0.947,226.81,2.022,420.56,93.24,49.78,0.941,231.82,1.364,307.93,196.5188,50.25,0.985
2026-05-30 00:22:54,232.13,1.207,265.13,149.0378,50.18,0.928,226.12,2.829,607.67,91.0421,49.75,0.908,234.89,0.629,140.46,206.856,50.09,0.924
2026-05-30 00:22:58,230.79,1.504,332.82,147.7525,49.94,0.965,228.85,2.545,492.51,95.6889,49.79,0.893,231.13,1.429,299.12,195.6061,50.19,0.979
2026-05-30 00:23:01,232,1.479,312.29,140.5623,50.1,0.923,226.88,2.436,503.06,97.6594,50.09,0.877,232.51,0.656,141.57,191.4704,50.06,0.95
2026-05-30 00:23:05,228.64,1.53,306.59,143.2675,49.9,0.899,227.53,2.795,566.22,99.6252,49.72,0.939,229.08,1.082,235.89,202.3136,50.22,0.989
2026-05-30 00:23:08,231,1.509,318.61,145.365,50.04,0.904,230.57,2.933,604.48,97.487,49.94,0.932,233.78,1.359,309.02,195.0842,50.24,0.935
2026-05-30 00:23:11,227.11,1.229,245.03,145.4235,49.93,0.956,231.96,2.4,516.12,98.6629,49.99,0.859,228.85,1.15,246.11,207.111,50.18,0.955
2026-05-30 00:23:15,228.36,1.56,342.92,156.8545,49.84,0.889,229.75,2.97,629.99,86.2057,50.09,0.854,228.62,1.472,304.21,203.8016,50.25,0.942
2026-05-30 00:23:18,231.94,1.872,386.85,147.4502,50.09,0.921,226.7,2.763,565.92,92.671,49.82,0.877,234.92,1.234,274.43,190.072,50.08,0.951
2026-05-30 00:23:22,233.19,1.586,343.76,150.5067,50.07,0.969,225.38,2.711,584.95,89.2066,49.92,0.92,233.1,0.629,141.31,201.6096,50.23,0.977
2026-05-30 00:23:25,226.41,1.691,357.3,152.257,50.11,0.911,231.87,2.715,534.31,99.0983,49.96,0.917,231.21,0.95,199.01,204.7286,50.15,0.977
2026-05-30 00:23:29,228.35,1.944,414.35,145.8432,49.83,0.883,229.11,2.082,400.99,92.7494,49.95,0.881,234.75,0.916,198.03,191.4418,50.12,0.944
2026-05-30 00:23:33,229.61,1.54,304.26,159.7054,49.94,0.91,232.06,2.064,432.01,90.4953,50.08,0.866,232.22,1.332,283.07,205.4103,50.18,0.987
2026-05-30 00:23:36,230.36,1.884,423.47,155.6207,50.15,0.927,229.68,2.068,410.5,85.7822,49.92,0.935,235.22,1.122,249.82,203.3911,50.1,0.964
2026-05-30 00:23:39,230.9,1.646,334.31,144.0452,50.04,0.953,230.52,2.775,566.09,92.461,49.89,0.907,233.18,0.996,221.89,191.3839,50.27,0.942
2026-05-30 00:23:43,233.06,1.753,352.02,150.9168,49.84,0.922,231.44,2.341,466.05,93.7432,49.96,0.918,234.2,0.893,199.1,190.9082,50.07,0.971
2026-05-30 00:23:47,231.39,1.848,391.1,150.6028,49.8,0.92,230.65,2.247,494.67,88.5146,49.96,0.853,234.19,0.916,200.31,195.0225,50.09,0.981
2026-05-30 00:23:50,231.23,1.34,302.8,147.5323,49.96,0.912,230.76,2.937,563.32,85.7922,49.81,0.917,233.52,0.944,201.7,200.8321,50.01,0.941
2026-05-30 00:23:53,227.5,1.321,286.49,156.5007,49.96,0.914,225.99,2.185,442.11,92.4924,49.77,0.911,233.87,1.204,265.97,192.134,50.14,0.982
2026-05-30 00:23:57,228.77,1.983,441.59,141.2566,49.87,0.941,225.32,1.991,411.05,95.4382,49.86,0.95,229.91,1.387,289.42,209.4319,50.24,0.958
2026-05-30 00:24:00,229.31,1.222,241.62,149.4872,49.94,0.885,231.02,2.209,450.58,86.0463,50.05,0.898,235.93,0.88,192.02,200.4615,50.12,0.928
2026-05-30 00:24:04,227.57,1.839,383.11,158.0888,50.07,0.903,230.42,2.118,409.52,86.3902,49.78,0.893,231,1.207,274.59,194.9793,50.06,0.948
2026-05-30 00:24:07,232.38,1.577,333.61,142.6306,49.88,0.972,225.92,3.004,641.84,85.2169,49.75,0.947,230.31,1.348,301.29,193.4509,50.2,0.945
2026-05-30 00:24:11,227.99,1.336,263.64,150.8486,49.8,0.957,226.7,2.176,448.79,89.628,50.01,0.872,232.47,1.153,252.39,201.8185,50.2,0.931
2026-05-30 00:24:14,232.28,1.948,385.4,158.0193,50.05,0.947,230.61,2.011,441.76,91.2017,49.93,0.853,231.38,1.279,283.99,192.4892,50.1,0.96
2026-05-30 00:24:18,230.16,1.473,307.81,144.8577,50.05,0.939,226.78,2.163,428.66,92.9146,49.86,0.897,233.26,0.631,145.41,198.3498,50.08,0.964
2026-05-30 00:24:22,228.27,1.732,340.02,152.942,49.96,0.943,224.55,2.773,553.58,93.7001,49.71,0.883,235.06,0.764,173.94,208.757,50.09,0.966
2026-05-30 00:24:25,230.87,1.719,339.65,149.7483,49.88,0.945,230.49,2.802,573.85,99.5714,50,0.939,229.3,1.46,330.68,200.8536,50.15,0.983
2026-05-30 00:24:29,232.34,1.872,382.15,155.8356,50.01,0.889,225.9,2.567,482.65,88.3146,50.01,0.886,231,1.47,330.37,206.7696,50.28,0.928
2026-05-30 00:24:33,229.48,1.268,258.03,156.6446,49.9,0.908,225.65,2.019,435.97,99.9965,49.97,0.9,230.23,1.376,286.11,207.2629,50.28,0.938
2026-05-30 00:24:36,226.1,1.958,397.66,149.7901,49.83,0.979,224.07,3.075,582.01,88.7521,49.96,0.889,235.7,1.223,283.39,190.5022,50.28,0.922
2026-05-30 00:24:40,227.19,1.933,408.41,151.5328,50.17,0.926,232.95,2.57,566.02,89.9198,49.79,0.888,233.31,1.101,239.86,201.3636,50.29,0.946
2026-05-30 00:24:43,229.84,1.452,298.28,145.8299,50.14,0.944,232.93,2.89,626.76,88.2239,49.91,0.85,235.93,0.642,139.08,207.6924,50.04,0.932
2026-05-30 00:24:47,226.37,1.38,270.69,144.3516,49.87,0.909,227.23,2.188,435.54,94.4918,49.89,0.85,232.57,1.031,218.8,190.2793,50.09,0.933
2026-05-30 00:24:50,233.37,1.755,361.51,157.2139,50.03,0.974,226.48,2.627,492.65,85.9109,49.91,0.851,233.81,1.367,304.3,198.9764,50.26,0.932
2026-05-30 00:24:54,226.58,1.946,412.35,142.6033,50.15,0.926,227.37,3.026,609.41,96.4068,49.93,0.915,231.02,1.303,271.2,207.9651,50.09,0.941
2026-05-30 00:24:57,226.69,1.583,334.16,143.0717,50.05,0.894,228.92,2.025,401.78,95.5044,49.72,0.948,228.9,1.231,257.55,198.267,50.11,0.944
2026-05-30 00:25:01,232.7,1.826,399.58,156.4568,49.8,0.965,232.23,2.3,496.99,88.269,49.83,0.855,228.47,0.993,212.53,195.3225,50.27,0.926
2026-05-30 00:25:04,231.59,1.861,372.11,150.4434,49.99,0.938,227.38,1.908,409,87.2752,49.96,0.937,229.99,1.476,322.11,202.7991,50.26,0.926
2026-05-30 00:25:08,232.09,1.901,416.58,152.1298,49.83,0.889,232.75,2.089,430.98,98.4748,49.75,0.907,229.66,1.317,282.89,192.3932,50.01,0.987
2026-05-30 00:25:11,226.83,1.466,311.69,155.379,49.95,0.947,227.24,2.368,467.55,96.5051,49.74,0.884,228.09,0.925,192.8,199.7016,50.22,0.988
2026-05-30 00:25:15,230.51,1.666,359.28,158.2349,50.12,0.974,232.76,1.991,425,91.2021,50.06,0.924,233.79,1.141,243.79,206.6377,50.2,0.947
2026-05-30 00:25:18,227.06,1.472,309.68,144.2732,50.12,0.915,232.58,2.931,594.51,96.3754,49.85,0.89,231.38,0.719,160.16,194.9762,50.21,0.921
2026-05-30 00:25:22,226.52,1.962,418.51,155.328,50.01,0.958,225.66,2.605,529.95,86.6872,49.92,0.944,231.97,0.826,180.11,207.4567,50.24,0.934
2026-05-30 00:25:25,233.39,1.483,338.51,154.435,49.84,0.884,225.76,2.138,410.54,86.0951,49.72,0.871,233.72,0.745,170.91,193.8585,50.04,0.961
2026-05-30 00:25:29,232.42,1.532,335.03,144.1405,50.05,0.975,228.26,2.927,623.55,92.4494,49.81,0.921,232.1,0.797,167.73,191.3206,50.16,0.981
2026-05-30 00:25:32,228.13,1.771,385.96,146.067,49.94,0.903,231.96,1.894,402.95,98.5459,49.77,0.924,231.1,0.974,219.13,190.954,50.01,0.983
2026-05-30 00:25:36,232.82,1.365,278.55,146.8027,50.18,0.913,225.51,1.963,388.23,87.4993,49.85,0.907,232.02,0.874,187.27,190.4984,50.2,0.964
2026-05-30 00:25:39,227.43,1.798,377.31,153.4445,50.01,0.937,227.98,2.785,541.72,87.5994,49.78,0.92,228.21,1.1,241.72,204.6166,50.13,0.952
2026-05-30 00:25:43,227.2,1.484,317.32,142.9089,49.99,0.974,228.78,2.568,520.69,92.0045,49.77,0.923,231,1.326,289.7,203.0839,50.24,0.951
2026-05-30 00:25:46,226.27,1.328,278.68,156.6528,50.12,0.925,228.79,2.743,541.17,86.4816,49.95,0.944,232.29,1.056,226.36,200.5928,50.1,0.973
2026-05-30 00:25:50,233.21,1.391,293.08,144.2617,50.1,0.962,228.61,2.126,416.34,86.5019,50.02,0.92,233.75,0.983,212.1,199.1327,50.24,0.945
2026-05-30 00:25:53,226.31,1.647,327.8,150.0513,49.8,0.959,228.25,2.823,542.51,97.8315,49.79,0.896,231.86,0.68,145.28,199.6656,50.04,0.938
2026-05-30 00:25:57,231.4,1.75,390.97,154.2719,49.96,0.904,226.9,2.283,474.5,85.3853,49.96,0.873,231.95,0.955,201.7,197.6139,50.02,0.982
2026-05-30 00:26:00,230.83,1.631,335.22,150.1638,49.87,0.969,229.21,2.111,453.64,99.1042,49.93,0.877,233.09,1.257,274.31,203.8156,50.2,0.97
2026-05-30 00:26:04,231.2,1.208,239.62,155.3631,49.9,0.934,229.7,2.62,505.38,98.4056,50.01,0.91,230.48,0.63,138.17,195.3424,50.04,0.982
2026-05-30 00:26:07,231.92,1.837,402.97,140.9542,49.98,0.975,232.06,2.299,447.69,90.6618,50.03,0.85,231,1.371,304.62,191.7669,50.04,0.946
2026-05-30 00:26:11,232.76,1.914,393.28,154.1146,50.17,0.893,225.64,1.94,390.73,97.9443,49.83,0.94,233.6,1.302,288.93,198.6595,50.19,0.955
2026-05-30 00:26:14,232.84,1.498,310.35,141.3581,50.15,0.891,230.93,2.708,580.59,89.8082,49.97,0.923,232.92,0.608,132.69,199.221,50.21,0.941
2026-05-30 00:26:17,228.58,1.413,308.25,151.1978,50.07,0.918,229,1.979,406.02,88.5712,50.02,0.945,233.96,1.388,306.07,190.1389,50.13,0.938
2026-05-30 00:26:21,230.04,1.704,359.83,146.7362,50.02,0.941,232.59,2.464,536.92,86.489,49.96,0.858,234.14,0.741,167.6,197.4255,50.04,0.963
2026-05-30 00:26:24,229.43,1.422,311.36,150.7845,49.86,0.934,232.25,2.011,431.88,92.4388,49.7,0.924,230.41,0.719,156.86,196.2842,50.23,0.969
2026-05-30 00:26:28,228.7,1.295,263.31,155.4775,49.95,0.906,231.91,3.073,663.33,90.8913,49.98,0.909,233.76,1.251,267.2,205.5776,50.23,0.968
2026-05-30 00:26:31,227.05,1.381,275.97,148.287,49.97,0.977,229.55,1.875,377.16,92.5976,49.88,0.912,229.35,0.945,202.67,199.2811,50.11,0.98
2026-05-30 00:26:35,233.9,1.373,281.91,141.2434,49.87,0.9,229.01,2.055,431.59,99.5904,49.88,0.916,228.49,1.016,226.75,200.5976,50.08,0.967
2026-05-30 00:26:38,229.05,1.908,395.93,158.4834,49.86,0.918,232.14,1.933,423.64,89.9529,49.91,0.942,234.54,1.261,285.14,197.8602,50.03,0.989
2026-05-30 00:26:42,232.15,1.831,407.08,150.6607,50.17,0.915,226.25,1.858,389.09,92.7697,49.95,0.854,233.42,1.205,257.65,207.192,50.18,0.96
2026-05-30 00:26:45,227.59,1.845,408.73,156.3798,49.92,0.921,232.73,3.15,643.38,93.1361,49.79,0.898,231.48,0.767,170.05,200.4026,50.05,0.925
2026-05-30 00:26:49,228.99,1.748,355.89,158.7863,49.94,0.916,231.27,2.831,542.53,98.8848,49.94,0.865,232.76,1.447,323.34,198.883,50.27,0.955
2026-05-30 00:26:53,226.11,1.913,416.87,143.6035,50,0.973,227.76,2.911,551.73,90.8169,49.99,0.879,232.79,0.783,174.51,207.7751,50.27,0.984
2026-05-30 00:26:56,232.21,1.523,304.55,145.6863,49.89,0.965,224.6,2.116,433.72,92.7292,50.06,0.883,234.4,0.719,154.85,195.0648,50.12,0.967
2026-05-30 00:27:00,227.74,1.575,310.6,151.1326,49.87,0.888,228.23,2.718,592.99,97.4872,49.94,0.912,235.94,1.318,300.92,202.6674,50.17,0.957
2026-05-30 00:27:03,230.46,1.755,393.18,153.8594,50.16,0.965,231.22,2.42,483.02,93.4476,49.84,0.855,232.32,1.38,307.45,209.0022,50.18,0.97
2026-05-30 00:27:07,230.25,1.803,368.86,145.8807,49.85,0.958,227.34,2.045,407.83,99.5882,49.97,0.918,235.5,0.777,174.69,202.827,50.06,0.974
2026-05-30 00:27:11,227.73,1.91,421.59,155.7561,49.99,0.937,224.72,2.032,416.86,96.7362,50.09,0.864,229.28,0.611,133.98,195.8679,50.12,0.922
2026-05-30 00:27:14,226.81,1.655,322.44,148.3248,50.03,0.928,228.02,2.716,582.3,96.4347,49.95,0.898,229.41,1.017,217.82,201.1569,50.14,0.989
2026-05-30 00:27:18,228.65,1.888,422.43,151.3677,50.1,0.948,225.22,1.827,340.16,85.438,49.99,0.939,233.21,0.891,199.91,206.6008,50.24,0.945
2026-05-30 00:27:21,231.67,1.41,303.77,147.7103,49.9,0.913,228.07,2.064,448.4,87.2318,49.79,0.87,230.28,1.403,314.29,196.2797,50.16,0.979
2026-05-30 00:27:25,227.1,1.216,237.24,155.5201,50.05,0.909,228.41,2.664,566.53,92.5214,50.04,0.933,234.19,0.636,146.1,209.4862,50.08,0.931
2026-05-30 00:27:29,232.21,1.566,312.4,158.9816,50.11,0.92,231.5,1.853,381.27,94.9659,49.92,0.881,234.75,0.914,208.87,208.9461,50.3,0.986
2026-05-30 00:27:33,229.96,1.643,354.24,149.88,49.83,0.927,229.31,2.395,494.23,93.2191,49.97,0.873,234.77,0.74,157.71,201.9405,50.04,0.954
2026-05-30 00:27:37,233.02,1.6,325.52,151.277,50.04,0.894,232.84,2.9,579.15,85.1472,50.08,0.85,233.08,0.872,186.19,203.9106,50.09,0.958
2026-05-30 00:27:41,229.07,1.361,276.44,150.9584,50.11,0.958,225.3,2.806,585.58,91.0295,49.84,0.881,232.89,1.102,240.65,202.5375,50.1,0.931
2026-05-30 00:27:45,227.73,1.528,338.41,142.0121,49.96,0.941,232.38,1.832,377.01,99.7951,50.09,0.851,228.37,0.704,154.29,199.637,50.01,0.981
2026-05-30 00:27:48,227.31,1.361,288.65,145.5735,49.93,0.902,231.48,2.383,480.26,89.6603,49.95,0.888,233.14,1.462,315.17,197.1973,50.15,0.987
2026-05-30 00:27:52,233.25,1.924,433.16,153.6652,50.12,0.917,231.7,2.084,450.66,85.4102,50.05,0.865,228.44,0.9,188.08,199.4868,50.27,0.956
2026-05-30 00:27:55,226.06,1.422,307.67,149.4583,50.03,0.947,231.02,2.246,435.41,94.6763,49.95,0.905,235.05,1.032,233.42,199.28,50.11,0.954
2026-05-30 00:27:59,230.91,1.46,304.71,152.109,50.13,0.916,230.45,2.278,447.29,97.7288,49.89,0.868,230.65,0.961,202.7,191.3536,50.04,0.979
2026-05-30 00:28:03,231.1,1.684,355.67,149.6726,50.08,0.937,227.32,2.614,516.46,88.1785,49.85,0.911,234.4,1.28,286.48,202.2738,50.29,0.972
2026-05-30 00:28:06,227.65,1.266,260.52,154.2158,50.17,0.897,226.42,3.16,603.33,85.3191,49.77,0.949,235.12,0.884,198.74,194.3192,50.11,0.924
2026-05-30 00:28:10,228.3,1.775,390.42,149.8199,50.02,0.888,230.71,2.249,454.31,92.9648,49.92,0.936,228.01,0.7,150.51,202.0308,50.16,0.947
2026-05-30 00:28:14,230.91,1.838,386.79,155.0596,49.84,0.924,230.36,2.487,535.02,88.6748,49.88,0.863,233.83,0.853,190.67,199.2437,50.18,0.931
2026-05-30 00:28:17,232.23,1.29,289.72,156.6849,50.17,0.907,229.08,2.927,599.17,95.2885,50.02,0.862,234.15,1.118,250.25,193.6095,50.24,0.936
2026-05-30 00:28:21,230.12,1.499,336.48,155.4516,50.1,0.978,229.38,1.883,407.2,87.8313,49.92,0.875,231.64,1.471,312.55,195.2533,50.05,0.934
2026-05-30 00:28:24,227.14,1.439,284.67,150.3737,49.95,0.897,225.24,2.524,541.18,87.1526,50.08,0.902,232.31,0.974,206.44,190.014,50.1,0.969
2026-05-30 00:28:28,230.56,1.528,327.27,159.6724,50.19,0.954,232.94,2.508,517.75,98.2752,50.01,0.86,230.55,1.031,226.55,196.7501,50.11,0.98
2026-05-30 00:28:32,229.02,1.885,374.9,143.9824,49.91,0.899,229.39,2.512,517.67,96.5762,49.78,0.904,229.57,0.685,145.47,193.829,50.06,0.948
2026-05-30 00:28:35,233.21,1.349,296.32,158.2878,50.01,0.913,228.58,2.05,405.88,98.5335,50.02,0.85,228.33,1.058,238.86,207.0262,50.11,0.939
2026-05-30 00:28:39,229.14,1.405,307.11,153.2728,50.03,0.975,230.04,1.877,375.3,99.122,49.87,0.908,234.09,1.368,308.59,197.8061,50.06,0.921
2026-05-30 00:28:42,228.54,1.616,361.29,144.5991,49.81,0.94,232.01,3.086,677.76,98.5228,49.95,0.869,234.39,0.782,174.62,195.6826,50.26,0.961
2026-05-30 00:28:46,227.73,1.312,289.99,144.6277,49.94,0.961,227.71,1.852,376.2,96.3517,50.01,0.858,231.78,1.24,259.85,198.5621,50.18,0.926
2026-05-30 00:28:49,231.7,1.538,341.47,153.3429,49.81,0.935,224.22,2.788,512.66,90.1855,49.71,0.891,228.39,0.74,162.63,207.7324,50.24,0.983
2026-05-30 00:28:53,230.54,1.981,431.56,145.7014,50.1,0.93,227.43,3.141,656.01,98.6615,50.01,0.88,235.56,1.118,248.67,191.6374,50.08,0.948
2026-05-30 00:28:56,230.74,1.408,279.79,148.8,49.91,0.907,229.04,1.877,386.45,86.0799,49.95,0.91,233.06,0.804,180.73,200.8234,50.11,0.923
2026-05-30 00:28:59,232.96,1.522,341.38,154.2,49.86,0.913,231.76,2.811,570.36,93.0807,50.01,0.877,233.4,0.929,203.65,209.7933,50.06,0.988
2026-05-30 00:29:03,230.88,1.827,374.82,142.352,50.14,0.923,230.59,2.768,548.1,88.3955,49.75,0.924,235.68,1.279,289.71,199.569,50.25,0.927
2026-05-30 00:29:06,233.76,1.81,397.07,143.6004,50.19,0.927,230.09,2.5,491.85,91.3032,50.06,0.906,233.97,1.108,234.26,193.1029,50.11,0.98
2026-05-30 00:29:10,231.06,1.641,361.67,155.646,50.11,0.956,232.33,2.753,586.38,93.1426,49.96,0.948,230.64,1.014,228.92,195.7966,50.27,0.95
2026-05-30 00:29:13,230.17,1.481,313.58,148.0804,49.98,0.898,226.71,3.008,621.23,91.2961,49.77,0.861,235.41,0.676,148.56,202.0124,50.1,0.959
2026-05-30 00:29:17,226.44,1.941,393.24,156.3267,49.88,0.952,227.16,1.99,372.35,92.4071,49.8,0.856,235.19,0.636,146.27,200.4465,50.11,0.925
2026-05-30 00:29:20,230.87,1.524,340.87,149.9213,49.93,0.976,230.71,2.075,444.3,93.9605,50.02,0.896,231.41,1.176,260.09,194.717,50.09,0.966
2026-05-30 00:29:24,226.8,1.559,329.74,142.0393,50.09,0.913,231.06,2.154,466.2,85.3561,49.91,0.907,229.81,1.353,291.62,192.6112,50.07,0.971
2026-05-30 00:29:27,230.67,1.306,271.77,157.6168,49.92,0.913,229.47,2.772,549.55,94.3514,49.74,0.898,232.65,0.672,149.53,197.6257,50.17,0.942
2026-05-30 00:29:31,226.95,1.35,299.95,159.5844,50.12,0.908,227.94,3.181,652.71,99.0835,50.04,0.851,233.59,0.705,158.53,194.8375,50.09,0.954
2026-05-30 00:29:34,229.12,1.444,323.32,146.7587,49.82,0.901,224.79,2.016,431.23,86.1453,49.8,0.93,228.43,0.737,151.85,199.5835,50.12,0.95
2026-05-30 00:29:38,226.93,1.813,391.62,154.8427,50,0.908,228.2,2.694,525.02,96.2809,49.74,0.906,235.73,0.937,209.23,207.0217,50.23,0.941
2026-05-30 00:29:41,230.48,1.8,382.52,141.1491,49.93,0.919,231.35,2.752,537.4,94.3679,49.82,0.871,233.01,0.793,176.83,190.9241,50.04,0.957
2026-05-30 00:29:45,226.16,1.63,327.59,150.4584,50.05,0.929,231.16,2.107,414.89,91.7439,49.97,0.925,234.85,1.137,258.35,203.757,50.18,0.937
2026-05-30 00:29:48,232.43,1.261,252.41,148.3534,49.92,0.94,228.87,1.841,404.03,93.8106,49.94,0.937,233.31,0.704,154.62,207.6294,50.27,0.96
2026-05-30 00:29:51,227.65,1.504,333.1,146.7176,50.09,0.898,224.7,1.858,373.21,99.003,49.87,0.934,234,1.171,251.79,205.0033,50.17,0.951
2026-05-30 00:29:55,230.96,1.944,436.27,148.4415,49.95,0.894,226.64,2.929,570.65,94.3302,49.88,0.859,232.05,0.882,188.91,204.7562,50.08,0.956
2026-05-30 00:29:58,232.48,1.47,314.08,159.7667,49.88,0.918,225.77,2.851,611.44,89.3257,49.77,0.925,232.47,1.006,212.44,203.406,50.3,0.95
2026-05-30 00:30:02,228.53,1.971,421.48,149.2763,50.02,0.947,230.22,2.245,490.75,89.1279,49.84,0.883,229.77,0.93,201.56,192.7288,50.28,0.961
2026-05-30 00:30:05,226.94,1.715,337.32,141.5471,50.17,0.963,229.38,1.916,385.74,93.4662,49.75,0.906,231.32,0.623,141.32,201.6067,50.17,0.938
2026-05-30 00:30:09,232.27,1.309,277.08,153.9858,50.15,0.958,224.88,2.208,437.17,90.7879,50.09,0.942,229.85,1.436,320.32,200.3106,50.11,0.943
2026-05-30 00:30:13,232.4,1.221,245.72,156.3524,50.07,0.918,232.82,3.052,585.42,96.1913,49.82,0.907,230,0.934,209.69,199.1416,50.11,0.96
2026-05-30 00:30:16,232.81,1.566,330.32,148.4767,49.87,0.952,229.2,2.67,552.54,86.0632,50.1,0.857,234.79,1.27,290.55,198.0127,50.19,0.966
2026-05-30 00:30:20,228.68,1.719,359.94,155.3474,50.04,0.889,227.07,2.365,479.01,88.7564,49.92,0.851,234,1.021,217.42,201.5937,50.25,0.973
2026-05-30 00:30:23,230.71,1.949,402.54,145.3079,49.94,0.971,226.37,2.985,638.51,92.2919,49.83,0.852,229.99,1.083,231.99,197.4327,50.08,0.98
2026-05-30 00:30:27,227.64,1.892,370.19,144.5685,49.81,0.883,232.23,2.473,537.52,94.5521,49.93,0.89,235.93,1.024,219.96,205.4272,50.01,0.947
2026-05-30 00:30:30,228.08,1.335,286.07,154.676,50.11,0.893,226.61,2.311,459.91,86.7327,50.02,0.85,232.51,1.472,329.29,190.0845,50.28,0.989
2026-05-30 00:30:34,227.53,1.478,297.38,141.3151,50.13,0.972,229.69,2.929,640.56,93.6704,49.81,0.869,228.09,0.804,177.2,190.9462,50.03,0.974
2026-05-30 00:30:37,231.25,1.604,351.7,156.1875,49.87,0.912,227.77,2.745,519.34,96.8305,50.05,0.866,229.9,0.898,203.2,190.0736,50.05,0.968
2026-05-30 00:30:41,231.97,1.898,415.31,150.8543,49.82,0.909,226.28,2.693,535.7,85.7256,49.81,0.878,230.99,1.268,283.05,192.6529,50.13,0.963
2026-05-30 00:30:44,230.55,1.846,415.24,141.1937,49.98,0.904,231.92,2.717,530.48,90.4881,49.99,0.911,231.77,1.131,259.22,206.1192,50.1,0.956
2026-05-30 00:30:48,229.71,1.677,350.39,146.8013,49.96,0.956,230.47,2.915,642.89,92.232,49.9,0.861,233.68,0.919,197.72,198.965,50.02,0.98
2026-05-30 00:30:51,232.9,1.952,422.75,150.9683,49.9,0.965,232.28,2.368,495.02,89.4018,50.08,0.866,234.65,1.196,256.57,208.158,50.25,0.982
2026-05-30 00:30:55,226.1,1.214,255.82,154.9075,50.17,0.943,232.39,2.526,521.62,89.0616,49.86,0.866,235.12,1.414,309.61,197.5664,50.18,0.979
2026-05-30 00:30:58,227.73,1.988,394.13,158.0684,49.84,0.937,226.08,1.863,358.66,89.7785,49.81,0.867,231.92,1.349,283.09,190.2935,50.27,0.935
2026-05-30 00:31:02,232.37,1.648,360.13,154.9207,50.05,0.906,231.23,2.325,490.03,94.1661,49.83,0.905,230.7,0.984,212.47,191.5922,50.13,0.93
2026-05-30 00:31:05,233.11,1.625,362.49,154.2756,49.99,0.947,230.25,2.354,493.17,86.7485,49.99,0.874,230.49,0.923,206.15,192.7495,50.27,0.958
2026-05-30 00:31:09,226.87,1.317,262.4,154.7724,50.1,0.913,226.45,3.141,626.24,94.1365,49.84,0.923,233.75,1.155,258.15,194.8907,50.14,0.98
2026-05-30 00:31:13,229.97,1.888,385.52,145.6729,49.8,0.933,228.61,2.284,482.05,92.3408,50.01,0.862,234.81,0.618,140.16,197.0471,50.1,0.98
2026-05-30 00:31:16,232.05,1.683,379.62,143.56,50.08,0.949,228.64,1.873,378.67,94.4782,49.73,0.882,235.14,0.895,207.29,207.1972,50.05,0.97
2026-05-30 00:31:20,232.96,1.5,309.05,159.8263,49.91,0.968,231.36,3.174,680.48,98.4787,50.05,0.86,234.22,0.956,214.43,205.2477,50.16,0.99
2026-05-30 00:31:24,232.34,1.849,367.64,153.8107,50.08,0.885,225.9,1.897,368.59,93.5247,49.83,0.858,234.65,0.937,214.62,192.9146,50.01,0.979
2026-05-30 00:31:27,226.83,1.72,361.14,146.2816,50.1,0.955,232.83,2.937,622.07,86.4731,49.81,0.908,231.09,0.898,200.89,207.6831,50.11,0.954
2026-05-30 00:31:31,230.12,1.328,298.87,159.1358,49.93,0.905,232.41,2.165,478.41,91.9993,49.83,0.851,228.35,1.416,317.48,205.7142,50.06,0.944
2026-05-30 00:31:34,232.7,1.927,397.29,142.0136,50.06,0.927,229.21,2.638,575.02,90.5668,50.03,0.871,228.61,0.992,207.91,192.8611,50.07,0.942
2026-05-30 00:31:37,232.37,1.871,411.36,150.3869,49.88,0.921,230.53,2.057,437.38,90.8675,49.97,0.942,230.04,0.854,182.61,204.7837,50.14,0.981
2026-05-30 00:31:41,227.34,1.802,370.25,157.6116,50.04,0.908,228.2,2.429,479.85,93.3158,49.81,0.903,233.74,1.099,238.44,193.1644,50.26,0.981
2026-05-30 00:31:44,230.02,1.374,287.97,140.9304,50.07,0.966,226.8,2.687,543.29,89.827,49.99,0.88,232.03,1.236,280.6,190.1041,50.28,0.959
2026-05-30 00:31:48,231.22,1.517,339.24,153.923,49.85,0.885,224.35,2.943,550.91,91.8726,49.9,0.939,229.72,0.831,181.61,191.1249,50.23,0.921
2026-05-30 00:31:51,231.85,1.886,402.68,147.5357,50.12,0.92,230.84,2.043,445.13,97.8813,49.95,0.873,231.74,0.858,195.56,199.2807,50.16,0.956
2026-05-30 00:31:55,230.06,1.322,282.62,154.6002,50.06,0.958,225.96,2.305,480.63,85.4919,49.98,0.865,229.8,0.665,138.92,209.0149,50.3,0.979
2026-05-30 00:31:58,231.06,1.472,299.21,153.5825,49.97,0.887,230.88,3.041,584.93,96.7982,49.78,0.877,234.98,1.289,284.28,194.9943,50.15,0.926
2026-05-30 00:32:02,228.73,1.381,283.79,144.7847,49.98,0.934,232.37,2.698,525.6,90.0986,50.07,0.902,235.03,1.359,303.99,209.1584,50.19,0.928
2026-05-30 00:32:05,231,1.81,408.23,149.2853,50.15,0.891,226.57,2.035,442.03,90.1348,50.06,0.86,228.79,1.271,277.63,209.4363,50.27,0.944
2026-05-30 00:32:09,227.36,1.902,387.17,141.9756,49.91,0.929,227.21,2.368,493,98.4224,49.74,0.9,228.09,0.723,152.54,197.3725,50.02,0.944
2026-05-30 00:32:12,228.62,1.689,347.29,159.7096,49.88,0.96,226.19,2.347,502.05,99.2544,49.71,0.865,234.85,0.601,128.86,200.4135,50.22,0.945
2026-05-30 00:32:16,227.74,1.509,307.7,147.9542,49.95,0.924,230.84,2.47,521.68,93.8168,49.8,0.869,231.81,1.116,234.58,204.0527,50.21,0.961
2026-05-30 00:32:19,227.47,1.248,253.69,142.0458,50.06,0.926,224.32,2.924,554.67,85.6794,49.91,0.911,234.06,1.045,233.28,193.7244,50.07,0.925
2026-05-30 00:32:23,231.47,1.945,422.29,149.8987,50.01,0.932,225.47,2.412,508.45,87.4095,50.01,0.918,230.59,0.997,221.65,205.838,50.12,0.943
2026-05-30 00:32:26,228.41,1.967,411.35,141.0543,49.95,0.957,231.75,2.855,549.01,87.1852,49.89,0.858,232.31,0.698,158.72,198.1512,50.19,0.941
2026-05-30 00:32:30,233.87,1.852,400.92,156.71,50.06,0.941,227.14,2.133,397.32,85.1153,49.93,0.873,232.18,0.835,180.44,196.6187,50.17,0.987
2026-05-30 00:32:33,226.86,1.819,360.09,142.9127,50.03,0.973,231.98,2.571,553.37,98.7086,50.06,0.887,233.98,0.762,176.36,202.2557,50.1,0.936
2026-05-30 00:32:37,226.23,1.63,345.84,147.4787,50,0.973,226.35,2.601,488.27,98.4604,49.72,0.879,234.12,1.172,256.3,202.1966,50.27,0.934
2026-05-30 00:32:40,228.4,1.963,420.55,144.3627,50.04,0.904,224.79,3.134,646.67,89.1389,49.97,0.927,230.68,1.021,232.95,193.8144,50.16,0.941
2026-05-30 00:32:44,228.5,1.852,381.81,158.8537,49.88,0.932,225.54,3.047,579.66,91.3212,50.02,0.929,233.59,1.054,236.03,201.0939,50.07,0.921
2026-05-30 00:32:47,230.54,1.968,417.8,141.2701,49.99,0.956,227.95,2.042,430.52,93.1359,50.08,0.87,234.98,1.209,271.28,198.6507,50.02,0.927
2026-05-30 00:32:51,226.77,1.807,366.37,143.6656,50.09,0.955,231.38,2.729,577.01,92.0788,49.79,0.86,233.84,1.121,241.35,197.7245,50.21,0.983
2026-05-30 00:32:54,230.52,1.965,398.21,156.7906,49.97,0.938,225.46,2.776,587.41,91.8612,49.96,0.886,231.96,0.985,210.91,208.4985,50.2,0.98
2026-05-30 00:32:58,227.74,1.51,299.05,141.6496,50.17,0.96,225.03,2.644,546.67,92.4337,50.04,0.945,229.54,1.113,250.96,205.6614,50,0.949
2026-05-30 00:33:01,226.53,1.632,336.24,155.0607,50.1,0.969,225.36,1.9,391.94,89.0975,49.91,0.874,232.89,0.772,165.88,206.538,50.25,0.928
2026-05-30 00:33:05,230.55,1.302,289.71,151.2805,49.84,0.971,227.6,3.181,667.42,90.1706,49.91,0.887,230.8,1.038,231.88,199.0232,50.12,0.955
2026-05-30 00:33:08,226.66,1.318,285.09,154.3633,50.04,0.971,226.01,2.693,569.44,94.2273,49.76,0.879,232.93,1.318,295.84,209.5098,50.25,0.959
2026-05-30 00:33:12,226.21,1.731,356.97,145.441,50.13,0.977,232.51,3.177,632.26,86.6295,50.01,0.857,232.39,1.173,267.59,198.1699,50.03,0.937
2026-05-30 00:33:16,232.82,1.824,402.51,157.9138,50.14,0.885,225.32,1.88,394.67,89.687,49.94,0.868,232.82,0.922,212.1,207.2496,50.3,0.954
2026-05-30 00:33:20,231.78,1.735,382.03,147.1236,50.14,0.972,228.41,2.501,533.93,95.0699,49.76,0.856,231.82,0.936,203.67,198.5006,50.17,0.94
2026-05-30 00:33:24,229.13,1.465,288.62,145.2715,50.11,0.977,232.47,3.106,638.17,91.4765,49.9,0.854,233.85,1.179,257.31,209.1563,50.03,0.948
2026-05-30 00:33:28,233.51,1.648,369.71,156.6904,50.16,0.926,226.29,2.387,483.43,97.7639,49.96,0.923,234.16,0.907,196.26,191.6197,50.25,0.922
2026-05-30 00:33:31,229.6,1.339,283.19,157.3534,50.02,0.926,226.54,3.131,618.5,96.4939,49.93,0.928,235.19,1.018,215.83,191.6507,50.24,0.95
2026-05-30 00:33:35,232.21,1.39,295.09,148.5874,49.86,0.927,227.68,2.384,462.3,94.7717,49.94,0.916,231.99,0.7,153.1,196.1404,50.14,0.964
2026-05-30 00:33:39,229.75,1.978,421.59,156.9353,50.01,0.933,230.4,2.185,436.92,90.7922,50.07,0.896,229.3,1.245,259.63,203.6207,50.19,0.965
2026-05-30 00:33:42,227.87,1.807,359.14,148.5932,49.91,0.942,225.95,2.346,495.94,89.4652,50.05,0.942,232.2,1.425,307.81,196.1795,50.26,0.955
2026-05-30 00:33:46,228.28,1.418,306.6,146.9214,49.9,0.96,227.25,2.264,481.16,96.5338,50.06,0.944,234,0.754,160.82,203.5255,50.18,0.98
2026-05-30 00:33:49,227.06,1.42,300.52,144.3649,49.91,0.963,227.6,2.699,567.75,93.0478,50.09,0.932,232.11,1.193,250.77,209.4233,50.22,0.954
2026-05-30 00:33:53,229.76,1.775,357.06,141.1899,50.05,0.903,229.05,3.112,655.56,88.7047,49.9,0.888,233.15,0.884,192.83,199.7409,50.08,0.965
2026-05-30 00:33:56,226.91,1.397,295.08,159.1841,50.04,0.922,229.7,2.541,528.05,98.4897,50,0.888,231.54,1.105,233.67,198.0958,50.18,0.974
2026-05-30 00:34:00,229.85,1.244,275.33,145.6261,50.18,0.936,232.94,2.766,553.02,85.6941,49.97,0.911,235.94,1.385,295.63,203.9123,50.01,0.946
2026-05-30 00:34:03,228.73,1.553,345.53,143.0572,49.8,0.906,231.18,2.45,481.43,95.4927,50.04,0.85,231.65,0.92,210.32,203.5758,50.26,0.98
2026-05-30 00:34:07,231.08,1.247,258.08,145.018,49.98,0.975,230.04,2.589,547.7,85.3898,49.71,0.893,230.06,0.864,190.59,195.5007,50.06,0.945
2026-05-30 00:34:10,227.51,1.305,278.09,142.3585,50.05,0.891,228.93,2.531,523.09,98.7501,49.73,0.927,231.33,1.203,253.49,190.2226,50.06,0.928
2026-05-30 00:34:14,227.38,1.422,294.79,146.0322,49.86,0.939,230.27,1.99,435.89,85.6725,49.74,0.885,231.6,0.97,216.6,194.6191,50.26,0.94
2026-05-30 00:34:17,232.89,1.282,286.76,158.1301,49.91,0.923,228.49,1.841,395.42,90.9864,49.77,0.911,231,0.869,188.65,190.0896,50.21,0.966
2026-05-30 00:34:21,232.92,1.838,382.68,144.3399,50.17,0.921,230.39,2.247,489,96.4817,49.84,0.887,233.25,1.062,228.36,199.5745,50.11,0.981
2026-05-30 00:34:25,231.38,1.714,375.14,155.8603,49.94,0.894,231.48,1.963,427.18,85.1356,49.83,0.88,228.22,1.481,318.81,203.4145,50.01,0.962
2026-05-30 00:34:29,232.45,1.814,395.66,146.9276,50.17,0.919,224.2,2.775,537.3,98.3229,49.95,0.926,229.89,1.07,224.48,204.2275,50.28,0.949
2026-05-30 00:34:32,233.28,1.742,347.84,150.1146,49.87,0.925,231.01,2.175,418.15,85.8497,49.81,0.902,230.07,1.001,208.27,207.0597,50.07,0.929
2026-05-30 00:34:36,227.35,1.358,267.99,154.8635,49.81,0.922,231.27,2.637,538.52,90.2996,49.78,0.947,234.68,1.023,233.07,195.7301,50.03,0.972
2026-05-30 00:34:39,231.19,1.307,259.95,141.3938,50.03,0.936,229.92,1.98,404.38,86.1803,49.72,0.942,230.41,0.778,166.28,202.0612,50.08,0.93
2026-05-30 00:34:43,229.55,1.536,308.02,157.1992,50.18,0.904,231,1.821,370.19,94.1365,49.97,0.852,232.46,0.745,161.18,200.5896,50.27,0.947
2026-05-30 00:34:47,232.66,1.657,372.88,156.5689,50.08,0.963,227.65,2.267,440.06,88.383,49.96,0.909,233.84,1.45,319.38,199.6978,50.12,0.925
2026-05-30 00:34:50,231.71,1.806,379.32,146.2503,49.89,0.977,231.3,2.816,562.65,93.1746,49.74,0.853,233.07,0.948,213.91,198.6618,50.26,0.982
2026-05-30 00:34:54,229.21,1.965,384.36,145.002,50.05,0.927,226.08,2.797,600.49,85.1033,49.82,0.933,232.78,0.684,143.62,199.9736,50.26,0.985
2026-05-30 00:34:57,230.87,1.622,330.8,153.7133,50.01,0.935,228.52,3.119,659.59,86.049,50.01,0.889,233.42,0.809,172.67,209.5002,50.04,0.949
2026-05-30 00:35:01,231.91,1.225,247.06,156.4988,49.85,0.888,232.82,3.056,600.25,87.809,50.1,0.917,232.55,0.622,137.33,192.778,50.1,0.985
2026-05-30 00:35:04,229.06,1.501,326.13,143.2617,50.08,0.914,227.31,3.123,663.95,88.6511,49.85,0.878,229.01,1.417,319.13,208.2694,50.25,0.983
2026-05-30 00:35:08,231.85,1.479,304.25,140.0673,49.92,0.91,229.99,3.022,635.58,88.0034,49.88,0.858,229.1,1.412,294.84,194.0342,50.04,0.987
2026-05-30 00:35:12,228.99,1.754,367.43,146.9855,50.18,0.92,226.15,1.867,378.67,91.6637,49.95,0.917,229.36,0.764,160.82,209.2825,50.04,0.933
2026-05-30 00:35:15,230.86,1.22,245.38,158.0347,49.95,0.956,226.16,2.027,417.83,92.1568,50.08,0.92,233.52,0.798,172.37,198.1208,50.17,0.961
2026-05-30 00:35:19,226.25,1.844,375.99,149.4742,50.06,0.891,225.34,2.411,473.32,93.4897,50.07,0.914,230.07,1.462,303.23,208.8962,50.15,0.944
2026-05-30 00:35:22,231.6,1.398,280.39,150.1286,50.14,0.948,225.31,2.82,536.55,94.3405,49.82,0.929,228.21,0.73,150.67,191.8771,50.14,0.968
2026-05-30 00:35:26,231.67,1.725,352.62,143.6326,49.8,0.902,224.02,2.412,450.03,97.094,49.81,0.923,232.47,1.311,279.18,194.8065,50.11,0.935
2026-05-30 00:35:29,232.31,1.469,316.33,145.5733,50.01,0.913,229.72,2.895,558,97.622,49.81,0.896,233.01,1.155,264.57,198.9168,50.24,0.952
2026-05-30 00:35:32,231.44,1.606,335.81,144.9733,49.91,0.916,232.81,1.996,394.03,85.419,49.9,0.901,233.27,1.008,222,197.9634,50.28,0.933
2026-05-30 00:35:36,228.21,1.534,319.09,143.528,49.89,0.957,227.7,2.777,543.58,91.5427,49.73,0.914,230.12,0.748,168.05,195.7298,50.23,0.957
2026-05-30 00:35:39,228.29,1.771,379.92,143.3801,49.93,0.912,225.73,2.41,485.66,99.7391,49.82,0.863,228.55,1.051,219.42,201.3714,50.1,0.974
2026-05-30 00:35:43,233.99,1.774,375.8,154.6738,49.9,0.938,228.46,2.332,439.74,90.6791,49.92,0.863,230.71,1.252,279.59,208.0835,50.21,0.925
2026-05-30 00:35:46,227.94,1.292,261.71,158.5349,50.05,0.955,231.17,2.748,588.62,85.2312,49.88,0.909,231.62,1.225,269.25,204.1659,50.01,0.989
2026-05-30 00:35:50,226.46,1.761,344.47,146.096,49.85,0.964,232.44,2.198,420.1,95.9358,49.89,0.93,234.07,1.109,241.08,206.8226,50.19,0.964
2026-05-30 00:35:53,229.17,1.637,334.81,140.1485,50.11,0.895,226.03,2.639,517.41,86.1946,49.74,0.855,231.9,1.434,323.82,208.2703,50.26,0.973
2026-05-30 00:35:57,229.76,1.548,339.57,159.1402,50.06,0.94,230.25,2.611,512.41,87.0091,49.79,0.926,234.62,0.977,210.36,199.3338,50.05,0.972
2026-05-30 00:36:00,231.58,1.359,301.86,146.5368,49.84,0.94,230.89,2.834,557.43,89.8876,49.73,0.948,231.04,1.111,235.25,208.2989,50.28,0.949
2026-05-30 00:36:04,232.41,1.782,377.06,151.0061,49.91,0.976,232.35,2.796,622.98,89.4705,50.05,0.939,230.51,0.715,158.86,202.8049,50.03,0.942
2026-05-30 00:36:07,227.39,1.377,294.75,140.8183,49.96,0.883,231.35,2.08,438.85,95.9477,50,0.948,230.17,0.639,134.26,203.1215,50.26,0.984
2026-05-30 00:36:11,226.58,1.946,379.68,154.2811,50.04,0.974,226.99,3.022,607.41,91.4048,50.08,0.894,229.53,1.225,254.41,206.575,50.3,0.982
2026-05-30 00:36:14,229.71,1.952,435.96,154.6114,49.82,0.923,230.34,2.931,638.37,94.5699,49.77,0.884,232.18,0.976,221.52,209.2437,50.26,0.922
2026-05-30 00:36:18,232.08,1.469,329.67,155.9817,49.94,0.937,232.99,3.129,685.3,89.2125,50.06,0.948,232.81,0.819,176.92,203.7994,50.24,0.98
2026-05-30 00:36:22,228.91,1.402,307.27,141.0647,49.87,0.943,227.66,2.741,537.66,97.292,49.83,0.88,235.82,0.801,182.6,200.5455,50.23,0.988
2026-05-30 00:36:26,226.71,1.249,253.38,142.7121,49.95,0.958,231.66,2.684,543.62,98.5114,49.94,0.852,228.55,1.146,245.73,209.03,50.28,0.94
2026-05-30 00:36:30,231.27,1.212,272.85,143.2041,50.18,0.953,231.16,1.842,382.85,85.8643,49.71,0.882,233.63,1.338,300.88,203.0267,50.12,0.977
2026-05-30 00:36:33,227.63,1.581,320.21,146.5681,50.05,0.915,227.51,1.856,365.94,97.5385,50.07,0.886,234.48,0.885,197.02,190.4268,50.13,0.962
2026-05-30 00:36:37,227.01,1.954,405.45,154.5221,49.83,0.892,225.14,2.58,488.39,99.8105,49.88,0.873,229.08,1.39,287.94,191.8853,50.09,0.97
2026-05-30 00:36:41,232.58,1.543,332.19,153.6067,50.03,0.889,229.84,2.784,613.27,98.8394,49.73,0.929,230.92,0.874,198.21,195.46,50.02,0.928
2026-05-30 00:36:45,230.83,1.61,341.8,154.1355,50.15,0.939,227.59,2.387,514.22,86.2776,49.98,0.866,228.79,1.174,262.78,203.5516,50.19,0.942
2026-05-30 00:36:49,232.53,1.688,368.73,149.5846,49.9,0.946,224.94,2.675,511.43,88.726,50.07,0.924,232.4,1.057,240.94,198.7424,50.24,0.952
2026-05-30 00:36:52,228.53,1.422,295.06,148.8725,50.04,0.925,225.14,1.995,395.46,88.5814,49.91,0.854,233.39,0.873,190.69,195.7706,50.17,0.925
2026-05-30 00:36:56,231.62,1.341,286.06,152.4043,49.98,0.889,231.72,2.82,598.49,96.2253,49.72,0.911,231.42,0.959,204.56,200.4301,50.27,0.951
2026-05-30 00:36:59,233.15,1.625,326.45,151.3407,49.88,0.892,227.28,2.22,475.58,87.841,49.78,0.859,228.07,0.657,142.28,208.9747,50.12,0.921
2026-05-30 00:37:03,227.41,1.978,420.37,142.5127,50.05,0.883,232.31,2.588,500.44,85.4273,50.09,0.903,231.22,1.038,218.06,201.8983,50.12,0.979
2026-05-30 00:37:07,226.75,1.397,270.36,149.6168,49.9,0.963,224.59,2.166,414.83,89.7624,49.73,0.902,230.59,1.146,243.43,201.7996,50.14,0.977
2026-05-30 00:37:11,232.74,1.33,286.51,145.0063,50.11,0.911,232.55,1.839,356.14,85.0929,49.92,0.876,228.03,1.077,223.22,198.0922,50.29,0.971
2026-05-30 00:37:15,227.93,1.306,283.3,154.5554,50.14,0.954,228.74,3.169,655.68,90.4378,49.74,0.9,228.62,1.385,312.65,207.108,50.14,0.972
2026-05-30 00:37:33,229.7,1.43,306.82,147.8235,50,0.963,228.94,1.994,414.93,96.7724,50.07,0.921,235.26,1.411,315.71,193.8153,50.02,0.961
2026-05-30 00:37:36,231.07,1.271,286.19,149.2171,49.82,0.954,230.83,1.801,391.87,89.4805,49.93,0.908,233.32,0.741,161.34,196.0848,50.07,0.93
2026-05-30 00:37:40,233.23,1.27,273.19,145.5528,50.02,0.968,227.46,2.727,546.2,85.5813,49.77,0.917,235.59,0.893,207.44,206.1133,50.15,0.986
2026-05-30 00:37:43,233.53,1.238,275.2,149.8109,49.89,0.914,232.34,2.64,572.8,90.6662,50.01,0.904,233.75,0.689,154.54,194.6167,50.19,0.97
2026-05-30 00:38:16,231.29,1.672,350.28,156.5376,49.93,0.963,231.59,3.08,648.83,90.2538,50.07,0.874,235.11,0.883,192.25,194.5902,50.29,0.979
2026-05-30 00:38:19,228.02,1.624,346.08,154.7007,50.12,0.908,225.17,2.424,508.25,90.2243,49.83,0.927,234.94,0.738,164.25,204.4196,50.19,0.976
2026-05-30 00:38:38,232.24,1.505,310.04,148.349,50.05,0.887,231.12,2.145,425.47,87.1433,49.87,0.924,234.21,1.444,326.28,203.0773,50.11,0.976
2026-05-30 00:38:42,226.4,1.323,273.98,141.5408,50.12,0.892,224.2,2.176,421.95,98.572,49.76,0.93,229.53,1.035,227.82,195.2944,50.07,0.922
2026-05-30 00:38:45,229.59,1.271,265.18,140.8442,49.99,0.952,227.61,2.409,509.97,89.5537,50.03,0.889,229.82,1.024,226.13,194.8609,50.08,0.942
2026-05-30 00:38:49,231.94,1.485,305.8,150.4531,50.08,0.92,231.16,2.342,497.77,98.3642,50.01,0.925,232.68,1.436,318.24,209.4152,50.14,0.955
2026-05-30 00:38:52,230.51,1.976,444.65,151.9226,50.17,0.888,229.2,2.173,441.3,87.0792,49.89,0.918,232.64,0.934,210.6,194.3988,50.05,0.922
2026-05-30 00:38:56,232.09,1.429,315.76,158.9453,49.85,0.9,230.47,2.711,512.84,86.4963,50.02,0.888,232.85,1.122,250.19,196.5975,50.17,0.954
2026-05-30 00:39:14,232.78,1.214,260.41,147.7928,50.01,0.936,232.99,2.451,492.13,99.1835,49.84,0.942,230.78,0.668,148.62,208.7145,50.28,0.982
2026-05-30 00:39:18,230.14,1.843,360.88,153.7573,50.02,0.894,229.3,3.192,641.08,95.4927,49.87,0.911,234.95,1.308,285.02,190.7696,50.14,0.984
2026-05-30 00:39:36,232.1,1.823,395.75,157.3967,50.14,0.938,227.25,2.234,417.42,98.9528,49.76,0.88,229.48,1.428,305.22,192.4421,50.01,0.93
2026-05-30 00:39:40,233.21,1.241,270.31,140.7589,49.98,0.937,225.48,2.749,580.84,90.8976,49.92,0.923,234.65,1.499,327.87,197.8208,50.29,0.975
2026-05-30 00:39:44,226.42,1.987,436.17,141.9291,49.91,0.955,231.29,2.847,570.52,92.895,49.83,0.947,235.88,1.309,291.56,207.019,50.02,0.922
2026-05-30 00:39:48,227.19,1.702,357.18,154.4713,49.88,0.921,230.89,3.092,618.49,97.0582,49.72,0.943,228.43,1.281,276.09,201.6881,50.17,0.927
2026-05-30 00:40:06,233.91,1.63,346.25,143.9723,50.15,0.934,227.07,1.875,362.17,86.4571,50.01,0.919,229.04,0.928,200.4,191.8977,50.27,0.973
2026-05-30 00:40:10,233.86,1.232,247.86,151.4111,49.86,0.929,224.09,2.638,486.75,91.5187,49.83,0.944,231.39,0.778,177.45,200.2488,50.11,0.962
2026-05-30 00:40:28,233.49,1.525,348.26,143.7582,50.16,0.943,228.57,1.836,389.25,88.0106,49.9,0.931,228.93,1.32,284.98,200.1088,50.12,0.939
2026-05-30 00:40:32,227.02,1.232,247.01,140.9007,49.92,0.884,229.83,2.336,459.28,90.7808,50.08,0.888,231.58,1.426,308.31,207.0353,50,0.954
2026-05-30 00:40:36,227.61,1.816,384.73,150.3321,49.95,0.942,229.84,3.048,636.65,96.488,49.75,0.934,231.34,0.659,149.75,195.8081,50.01,0.969
2026-05-30 00:40:39,227.86,1.287,255.36,150.5678,49.94,0.98,226.5,1.969,388.67,87.796,49.88,0.897,229.86,0.74,155.91,208.004,50.12,0.938
2026-05-30 00:41:27,229.19,1.488,322.02,147.5836,50.11,0.898,230.17,2.045,399.39,92.2449,49.96,0.881,229.33,1.306,271.3,201.5963,50.23,0.93
2026-05-30 00:41:30,226.55,1.942,383.03,145.7456,49.87,0.928,231.94,3.101,668.85,96.2219,49.79,0.913,230.49,0.646,146.61,198.2572,50.22,0.972
2026-05-30 00:41:49,229.37,1.776,366.65,144.6036,49.98,0.938,232.62,3.158,672.41,88.0377,50.09,0.863,233.83,1.002,215.6,198.4729,50.17,0.93
2026-05-30 00:41:53,229.69,1.311,279.75,140.2189,50.16,0.899,232.35,2.154,462.4,90.9949,49.83,0.916,229.23,0.867,184.95,209.8404,50.1,0.98
2026-05-30 00:41:57,226.95,1.404,301,140.5556,49.84,0.978,232.3,2.442,498.72,86.6996,49.71,0.943,228.2,0.917,199.78,200.2953,50.13,0.986
2026-05-30 00:42:01,227.32,1.781,362.26,142.3981,49.87,0.971,226.15,2.272,421.93,93.6938,50.05,0.939,233.59,0.948,209.76,198.9467,50.17,0.98
2026-05-30 00:42:04,226.88,1.617,340.69,145.4126,50.1,0.947,231.23,2.228,454.66,98.5173,50.08,0.868,233.98,0.798,173.86,200.7178,50.1,0.93
2026-05-30 00:42:08,228.42,1.341,293.26,157.6825,49.81,0.938,224.13,2.756,557.37,95.7638,49.76,0.909,232.41,1.18,261.58,205.5361,50.02,0.944
2026-05-30 00:42:12,233.56,1.733,386.5,143.4863,49.87,0.896,228.78,2.281,470.93,85.2808,49.82,0.858,233.96,1.016,228.8,202.6595,50.27,0.94
2026-05-30 00:42:17,229.65,1.341,269.31,150.8938,49.84,0.977,231.46,2.338,449.31,88.6979,49.78,0.877,235.2,0.61,139.66,195.3417,50.25,0.957
2026-05-30 00:42:20,230.77,1.503,338.11,144.1273,50.14,0.925,229.4,3.186,681.86,94.4823,49.86,0.912,231.13,1.166,261.27,198.9383,50.27,0.927
2026-05-30 00:42:25,232.04,1.959,397.79,153.0713,50.17,0.971,228.32,2.216,449.06,89.2211,49.82,0.927,229.83,1.188,268.4,199.6683,50.03,0.972
2026-05-30 00:42:28,232.19,1.74,366.74,150.5706,49.89,0.972,230.38,2.457,481.07,86.4386,49.8,0.917,235.29,0.811,172.67,208.2828,50.02,0.949
2026-05-30 00:42:32,232.05,1.298,274.04,156.068,50.05,0.903,227.1,2.796,591.72,95.4112,49.86,0.946,231.03,1.024,220.45,191.4307,50.01,0.956
2026-05-30 00:42:36,229.17,1.211,270.61,145.9467,50.19,0.958,231.03,2.873,614.21,97.0468,50.02,0.885,232.44,1.093,245.72,205.1932,50.21,0.935
2026-05-30 00:42:40,230.31,1.576,346.18,158.2716,50.05,0.908,229.15,3.093,668.29,93.3122,50.08,0.922,229.41,0.749,162.4,199.8845,50.19,0.927
2026-05-30 00:42:44,233.07,1.797,390.5,154.5079,50.12,0.885,224.05,2.963,613.87,95.047,50.09,0.895,235.23,1.321,295.69,194.8754,50.14,0.966
2026-05-30 00:42:48,232,1.596,329.44,141.3463,50.16,0.934,225.58,2.537,530.23,94.7595,49.87,0.929,234.94,0.947,211.37,193.629,50.08,0.961
2026-05-30 00:42:52,229.1,1.245,273.32,159.8318,50.06,0.95,232.23,2.733,599.53,88.0224,49.7,0.88,229.66,1.008,228.33,198.1847,50.03,0.937
2026-05-30 00:42:55,228.4,1.206,238.14,155.8439,50.03,0.936,225.07,2.842,558.15,91.9154,50.05,0.886,232.38,1.438,313.5,198.3821,50.09,0.931
2026-05-30 00:42:59,232.21,1.373,289.64,150.3808,49.99,0.943,225.46,3.036,616.33,95.0199,49.71,0.855,230.18,0.739,161.58,194.2472,50,0.933
2026-05-30 00:43:02,232.41,1.336,277.71,145.4281,49.99,0.908,231,2.99,570.06,85.4558,49.9,0.884,233.68,1.356,300.78,197.2749,50.28,0.93
2026-05-30 00:43:06,233.72,1.319,300.78,156.7398,49.97,0.976,229.19,3.088,583.06,85.2565,49.73,0.85,231.96,0.862,194.33,209.1334,50.23,0.932
2026-05-30 00:43:11,227.98,1.979,421.61,144.6993,49.94,0.902,232.42,3.044,630.31,99.3158,50,0.855,235.41,0.954,205.18,193.2273,50.29,0.924
2026-05-30 00:43:15,233.29,1.869,376.56,149.8463,50,0.92,232.65,2.296,511.13,99.375,49.79,0.943,229.69,0.601,127.12,201.0224,50.25,0.927
2026-05-30 00:43:19,229.32,1.517,318.26,141.0831,49.93,0.893,227.55,2.005,408.92,92.0563,49.84,0.851,232.37,0.86,191.23,193.1391,50.25,0.981
2026-05-30 00:43:23,227.41,1.677,331.19,155.9636,49.95,0.947,224.24,2.968,572.67,85.7163,50.05,0.938,231.7,0.816,185.86,202.7724,50.29,0.977
2026-05-30 00:43:27,229.29,1.823,397.21,140.6962,50.01,0.893,230.92,1.925,392.84,99.6075,49.89,0.934,228.19,0.937,195.67,190.8817,50.14,0.947
2026-05-30 00:43:31,233.86,1.276,271.63,146.4559,49.93,0.927,225.7,2.505,490.87,92.087,49.98,0.935,231.15,0.999,228.19,201.9029,50.19,0.954
2026-05-30 00:43:35,233.19,1.668,335.31,141.492,50.08,0.916,227.74,3.198,644.98,88.0933,49.78,0.927,231.03,0.914,206.53,199.3962,50.16,0.979
2026-05-30 00:43:38,229.66,1.944,398.75,156.457,50.11,0.882,225.73,1.819,362.66,94.1932,49.85,0.876,234.26,1.265,271.91,208.3506,50.17,0.945
2026-05-30 00:43:42,229.53,1.368,278.65,159.898,49.99,0.945,230.96,2.952,605.02,91.5943,50.01,0.914,230.16,1.07,222.25,200.2711,50.11,0.931
2026-05-30 00:43:46,227.75,1.222,260.05,156.9253,49.81,0.967,225.04,3.045,618.87,96.9295,49.88,0.903,231.33,1.386,306.24,196.518,50.12,0.988
2026-05-30 00:43:50,228.98,1.732,338.03,140.1393,49.96,0.933,224.38,2.535,536.82,97.9726,49.9,0.905,230.65,0.928,203.53,199.706,50.04,0.934
2026-05-30 00:43:53,228.32,1.533,336.52,152.1617,49.9,0.968,228.58,1.895,361.74,99.9252,49.88,0.857,233.88,1.066,242.38,205.8303,50.14,0.943
2026-05-30 00:43:57,232.41,1.544,305.72,143.4105,49.81,0.948,224.75,2.441,472.4,93.9305,50.09,0.897,229.7,1.046,218.62,208.886,50.02,0.942
2026-05-30 00:44:01,230.39,1.419,319.25,143.9816,50.14,0.937,224.91,2.544,493.73,92.5837,49.9,0.88,232,0.944,216.9,209.6149,50.15,0.941
2026-05-30 00:44:05,230.46,1.836,411.29,145.6523,50.1,0.971,229.96,1.856,408.44,89.5235,49.88,0.873,229.66,1.111,233.53,198.4332,50.29,0.926
2026-05-30 00:44:09,232.99,1.876,425.24,159.6616,49.85,0.906,225.62,2.037,427.5,95.4979,50.01,0.903,232.32,0.783,167.05,201.959,50.23,0.973
2026-05-30 00:44:13,226.57,1.361,291.65,149.6608,50.14,0.942,231.03,2.661,511.17,97.9207,49.79,0.942,235.91,1.475,316.66,191.8554,50.24,0.96
2026-05-30 00:44:16,226.95,1.444,289.27,149.077,50,0.88,224.2,1.812,340.63,87.898,49.73,0.85,228.18,1.235,265.49,201.969,50.11,0.943
2026-05-30 00:44:20,227.32,1.995,431.69,153.8282,49.88,0.963,231.45,1.927,374.7,98.9482,49.72,0.859,228.16,0.667,139.37,209.4047,50.23,0.972
2026-05-30 00:44:23,231.65,1.338,264.52,142.3558,49.95,0.929,229.66,2.879,634.15,95.3493,50.04,0.873,231.73,1.186,258.91,208.9811,50.11,0.973
2026-05-30 00:44:27,230.27,1.239,246.4,152.0725,49.93,0.882,227.56,2.239,439.64,86.3759,50.06,0.897,233.74,0.672,145.68,205.0667,50.05,0.922
2026-05-30 00:44:31,231.44,1.3,282.48,147.1673,49.83,0.905,228.4,3.13,601.63,99.5837,49.71,0.855,230.96,0.602,134.33,203.2818,50.21,0.953
2026-05-30 00:44:34,230.7,1.778,399.84,154.7731,49.82,0.891,224.27,2.564,520.57,97.2003,49.74,0.853,229.64,0.653,139.42,194.3408,50.15,0.932
2026-05-30 00:44:38,233.75,1.95,408.92,157.1308,49.84,0.98,231.54,1.934,420.7,88.365,49.81,0.932,233.39,1.108,249.83,194.7975,50,0.952
2026-05-30 00:44:41,232.41,1.676,364.28,146.7055,50.06,0.935,230.29,2.375,503.88,91.9677,50.02,0.941,231.4,1.339,299.34,192.5906,50.04,0.972
2026-05-30 00:44:45,232.92,1.688,377.6,140.2722,50,0.955,229.63,2.006,419.65,95.123,49.7,0.936,230.74,0.918,208.15,203.8711,50.07,0.938
2026-05-30 00:44:48,232.46,1.504,321.29,152.9647,49.87,0.951,226.58,2.848,540.09,97.3342,49.82,0.866,230.04,0.971,214.64,200.5722,50.12,0.939
2026-05-30 00:44:52,233.5,1.289,272.7,156.6113,50.1,0.889,224.62,1.856,347.18,88.6839,49.72,0.936,235.6,1.164,264.94,196.7559,50.22,0.961
2026-05-30 00:44:55,230.69,1.913,377.04,144.9393,49.83,0.944,224.55,2.275,481.56,98.4313,49.92,0.949,229.35,1.37,305.73,196.2799,50.21,0.971
2026-05-30 00:44:58,229.97,1.415,291.51,151.0487,50.02,0.922,231.84,2.391,513.73,99.5097,49.78,0.901,229.71,0.976,219.33,202.5183,50.19,0.921
2026-05-30 00:45:02,228.35,1.904,387.28,151.5263,50.15,0.953,230.83,3.057,580.99,86.8606,49.86,0.886,229.19,0.863,181.75,194.2461,50.05,0.932
2026-05-30 00:45:05,228.32,1.422,283.22,151.8362,49.97,0.918,229.38,2.334,467.85,94.2231,49.82,0.91,228.47,0.818,171.48,191.3422,50.14,0.945
2026-05-30 00:45:09,228.99,1.968,436.57,150.0598,50.05,0.912,228.93,2.044,387.2,93.5089,50.06,0.867,232.27,1.231,279.99,190.8288,50.11,0.957
2026-05-30 00:45:13,232.66,1.77,382.5,141.4823,50.09,0.976,225.71,1.968,388.37,93.9446,49.92,0.885,231.13,1.451,313.09,204.7931,50.26,0.938
2026-05-30 00:45:17,226.19,1.614,319.22,148.432,50.15,0.976,225.16,2.801,557.07,98.4274,49.97,0.888,230.54,0.964,204.41,204.308,50.21,0.943
2026-05-30 00:45:21,228.74,1.296,255.32,156.0355,50.14,0.912,231.99,2.019,438.55,86.8517,50.01,0.908,234.88,1.158,263.26,198.2096,50.08,0.965
2026-05-30 00:45:25,228.87,1.778,357.19,143.0366,50.08,0.946,227.72,2.64,497.46,94.4829,50,0.851,233.26,0.948,199.24,200.1688,50.03,0.982
2026-05-30 00:45:28,227.41,1.803,394.04,144.422,50.01,0.962,228.79,3.051,668.06,86.0262,49.96,0.877,234.99,1.127,241.25,208.9012,50.24,0.97
2026-05-30 00:45:32,226.29,1.245,271.51,141.1293,49.85,0.925,224.02,1.972,412.5,86.9802,49.9,0.906,228.17,1.334,294.37,203.4911,50.22,0.926
2026-05-30 00:45:35,233.46,1.396,298.34,149.4357,50,0.915,227.25,2.031,410.69,89.8859,49.82,0.898,231.05,0.707,148.83,198.6144,50.24,0.944
2026-05-30 00:45:39,227.44,1.698,363.55,141.2305,50.07,0.922,226.71,2.282,471.81,86.3153,50.03,0.918,232.17,1.378,310.25,200.2249,50.19,0.95
2026-05-30 00:45:42,231.59,1.296,267.19,156.4134,50.09,0.918,231.21,3.182,631.51,92.6056,50.07,0.878,228.3,0.832,175.57,193.9762,50.19,0.96
2026-05-30 00:45:46,232.29,1.232,263.28,146.5423,50.11,0.963,225.12,3.172,592.37,92.7369,49.77,0.885,228.5,1.375,294.45,194.7333,50.27,0.942
2026-05-30 00:45:49,226.44,1.736,364.5,147.0736,50.09,0.936,224.81,2.286,471.55,85.9154,50.03,0.854,228.25,0.823,170.84,194.7846,50.04,0.944
2026-05-30 00:45:53,227.15,1.536,338.83,153.6127,50.05,0.98,226.14,1.896,358.64,99.5424,49.79,0.887,232.01,1.058,232.47,198.1284,50.1,0.978
2026-05-30 00:45:57,231.34,1.463,319.5,158.5088,49.89,0.974,226.05,2.961,630.87,91.5951,49.99,0.865,229.97,0.701,146.59,208.1299,50.1,0.937
2026-05-30 00:46:00,230.88,1.57,313.92,144.9778,50.07,0.909,228.14,3.148,672.39,87.6081,49.71,0.872,234.24,0.995,220.32,204.2459,50.28,0.927
2026-05-30 00:46:04,229.58,1.201,242.81,155.8373,49.87,0.919,227.85,2.627,505.24,89.1884,49.99,0.925,235.73,0.727,159.71,197.4241,50.12,0.969
2026-05-30 00:46:07,231.62,1.56,315.14,146.699,50.12,0.969,226.44,2.601,533.18,85.9858,49.79,0.905,230.1,1.313,288.09,198.357,50.2,0.927
2026-05-30 00:46:11,231.38,1.758,396.76,146.8209,49.9,0.936,226.57,3.121,671.31,85.9068,49.79,0.878,228.03,0.963,198.54,209.8677,50.02,0.962
2026-05-30 00:46:14,229.06,1.9,405.82,158.4762,49.98,0.92,225.07,2.235,476.31,93.9,49.79,0.873,231.05,1.417,299.29,205.2473,50.14,0.928
2026-05-30 00:46:18,228.51,1.785,391.32,152.7339,50.18,0.945,228.35,3.165,650.08,95.1618,49.95,0.941,233.38,1.014,225.34,192.8061,50.25,0.921
2026-05-30 00:46:21,226.84,1.883,367.35,146.1626,50.09,0.977,224.96,2.297,451.78,85.7808,49.81,0.902,235.81,0.724,156.35,201.3294,50.01,0.984
2026-05-30 00:46:24,233.95,1.897,415.21,145.9136,50.15,0.967,228.29,2.439,531.72,89.6355,49.97,0.929,231.45,0.819,184.47,196.0376,50.08,0.933
2026-05-30 00:46:28,230.83,1.557,308.03,146.0008,50.08,0.975,227.95,2.421,522.61,94.0218,50.07,0.945,235.46,0.77,175.19,208.5376,50.2,0.942
2026-05-30 00:46:31,227.98,1.488,291.96,143.1006,50.1,0.9,227.94,3.078,630.55,98.6434,49.93,0.861,233.99,0.809,179.2,198.1253,50.29,0.95
2026-05-30 00:46:35,229.09,1.721,348.45,159.3773,50.03,0.938,226.59,2.024,418.2,85.0002,50,0.864,234.03,0.674,146.77,209.0847,50.26,0.961
2026-05-30 00:46:38,226.26,1.926,375.55,145.068,50.04,0.924,231.35,2.161,453.21,86.8749,49.77,0.949,230.44,1.37,292.06,201.6927,50.09,0.974
2026-05-30 00:46:41,227.89,1.327,278.5,148.9231,49.85,0.925,226.35,2.215,461.19,99.2722,49.89,0.903,235.19,1.213,274.05,196.9834,50.12,0.949
2026-05-30 00:46:45,228.89,1.483,328.31,144.4906,49.88,0.955,229.57,2.654,513.79,99.4954,49.77,0.931,230.67,1.344,305,193.3285,50.12,0.946
2026-05-30 00:46:48,229.93,1.749,363.92,143.323,49.83,0.913,224.79,3.179,642.59,90.0251,49.81,0.887,229.34,1.103,228.16,195.2123,50.07,0.974
2026-05-30 00:46:52,232.57,1.281,269.4,159.3936,50.18,0.963,232.1,2.673,515.79,95.4383,49.87,0.936,231.7,0.919,196.92,191.4744,50.07,0.972
2026-05-30 00:46:55,227.93,1.981,397.59,159.9041,49.97,0.901,226.03,2.633,531.93,90.3774,50.08,0.942,228.14,1.005,217.99,190.0011,50.23,0.984
2026-05-30 00:46:59,231.53,1.766,379.68,148.6596,49.85,0.935,225.48,2.107,434.89,99.4191,50.08,0.86,228.71,1.326,286.19,208.8955,50.19,0.958
2026-05-30 00:47:02,226.41,1.386,281.69,149.7403,49.94,0.915,226.77,2.075,388.93,88.5818,49.89,0.892,234.56,1.054,233.56,191.5366,50.22,0.955
2026-05-30 00:47:06,227.58,1.579,339.06,154.0552,50.19,0.924,229.23,2.337,468.51,94.5388,49.87,0.898,231.48,1.425,307.01,207.7548,50.19,0.987
2026-05-30 00:47:09,230.12,1.252,280.35,145.8809,50.09,0.939,230.98,2.111,423.1,93.0808,50.1,0.933,233.13,0.714,153.38,200.6251,50.29,0.932
2026-05-30 00:47:13,227.81,1.212,266.17,159.8265,49.85,0.978,227.67,2.428,459.01,88.1699,49.82,0.92,234.74,1.058,243.54,201.3891,50.2,0.951
2026-05-30 00:47:16,232.5,1.261,263.31,144.5208,50.13,0.928,226.26,2.918,600.5,98.7969,50.05,0.913,230.71,0.86,190.29,191.5709,50.18,0.978
2026-05-30 00:47:20,227.85,1.66,326.34,159.923,50.04,0.974,229.61,2.969,625.66,85.4381,49.83,0.939,232.65,0.878,200.83,207.1719,50.02,0.987
2026-05-30 00:47:23,229.55,1.892,398.76,140.8022,50.11,0.934,226.04,2.073,437.93,94.5184,49.77,0.912,232.94,0.781,167.17,191.1203,50.12,0.963
2026-05-30 00:47:27,229.83,1.957,404.19,151.5557,50.06,0.962,225.97,2.748,594.21,90.9574,50.03,0.9,230.96,1.168,250.5,191.3886,50.1,0.936
2026-05-30 00:47:31,228.89,1.902,410.13,150.4386,50.18,0.951,227.44,2.5,476.38,97.5035,49.88,0.911,234.85,1.497,340.46,209.8273,50.24,0.921
2026-05-30 00:47:34,227.56,1.234,272.34,152.1091,49.8,0.884,231.28,2.063,442.38,90.4896,50.09,0.857,228.76,1.16,258.02,193.7403,50.08,0.985
2026-05-30 00:47:37,226.67,1.666,354.84,145.4075,49.96,0.898,229.28,2.682,513.9,86.141,49.97,0.897,230.44,0.74,157.6,202.7066,50.11,0.987
2026-05-30 00:47:41,230.59,1.993,398.7,146.5854,50.19,0.953,229.65,2.278,447.85,99.029,49.93,0.891,229.01,1.056,229.82,201.0584,50.02,0.93
2026-05-30 00:47:45,229.27,1.499,311.16,150.8506,50.08,0.942,225.05,1.893,389.75,93.1486,49.93,0.863,229.71,0.965,210.21,206.0592,50.25,0.935
2026-05-30 00:47:48,231.71,1.575,329.91,158.4963,50.11,0.947,224.02,2.858,535.03,97.1522,49.71,0.904,234.68,1.237,277,192.7819,50.02,0.935
2026-05-30 00:47:51,231.64,1.4,315.49,159.075,50.07,0.977,230.69,2.254,487.75,87.3413,50.04,0.856,233.11,0.973,209.63,190.186,50.22,0.962
2026-05-30 00:47:55,228.13,1.522,328.92,143.0835,50.14,0.882,230.2,2.994,601.96,95.8179,49.91,0.93,231.27,1.417,323.82,200.444,50.09,0.933
2026-05-30 00:47:58,233.26,1.291,281.89,146.2803,50.08,0.91,232.82,2.312,482.21,87.775,50,0.935,234.48,0.615,130.97,203.8164,50.22,0.976
2026-05-30 00:48:02,233.06,1.848,403.3,152.8781,50,0.905,224.96,2.992,627.72,87.7282,50.07,0.866,231.63,1.18,270.32,194.89,50.02,0.935
2026-05-30 00:48:05,231.46,1.757,390.69,151.9541,49.83,0.911,231.74,2.139,462.02,86.4945,49.81,0.902,229.84,1.076,226.42,192.4796,50.25,0.929
2026-05-30 00:48:09,229.51,1.879,368.52,146.5176,49.94,0.956,231.48,2.091,426.12,89.8207,50.05,0.853,229.72,1.339,294.25,202.0166,50.06,0.921
2026-05-30 00:48:13,228.79,1.822,389.77,145.2339,50.07,0.897,229.1,2.705,516.88,87.4731,49.86,0.867,230.76,1.251,261.05,202.662,50.27,0.958
2026-05-30 00:48:17,227.91,1.251,261.34,146.0724,49.97,0.892,232.76,3.1,646.52,96.0484,49.96,0.879,231.45,1.143,249.87,202.37,50.17,0.922
2026-05-30 00:48:20,226.54,1.319,292.31,153.6229,49.89,0.926,226.76,2.096,425.4,98.6037,49.98,0.878,232.75,1.213,273.84,194.6611,50.2,0.948
2026-05-30 00:48:24,229.42,1.558,325.78,157.9632,49.93,0.897,227.93,1.874,353.75,95.8541,49.88,0.949,231.78,0.959,211.13,201.3732,50.26,0.952
2026-05-30 00:48:27,228.98,1.405,277.74,144.559,49.93,0.958,228,2.81,567.65,92.1907,49.81,0.887,233.76,0.648,144.79,202.4335,50.18,0.954
2026-05-30 00:48:31,229.64,1.441,295.7,157.7451,50.1,0.974,227.75,2.276,491.95,92.3873,50.01,0.881,235.56,0.749,162.46,201.4844,50.23,0.921
2026-05-30 00:48:34,227.41,1.657,322.73,156.7467,49.81,0.922,232.99,2.448,511.27,91.9446,50.02,0.9,232.64,1.158,250.13,205.3923,50.23,0.932
2026-05-30 00:48:38,226.29,1.869,377.32,156.6126,49.96,0.885,226.57,3.062,627.52,86.7921,49.89,0.905,235.16,1.453,325.53,197.7176,50.05,0.934
2026-05-30 00:48:41,232.17,1.599,331.45,142.5071,49.97,0.968,232.65,1.822,398.51,94.6391,49.85,0.91,229.91,1.019,215.34,205.3844,50.27,0.961
2026-05-30 00:48:45,232.47,1.879,372.68,151.0261,49.89,0.904,224.76,2.743,539.37,95.8135,49.77,0.86,232.59,0.996,225.26,191.73,50.04,0.957
2026-05-30 00:48:48,233.17,1.969,394.78,140.0275,49.95,0.956,227.85,2.205,460.2,85.7957,49.73,0.905,230.46,1.299,281.2,205.1034,50.22,0.977
2026-05-30 00:48:52,230.96,1.242,245.98,155.8618,50.14,0.918,226.17,2.927,592.4,86.5917,49.85,0.865,229.77,0.669,145.94,190.1799,50.13,0.931
2026-05-30 00:48:56,232.22,1.344,295.96,158.7864,49.95,0.902,232.5,2.75,578.94,90.0234,50.03,0.94,228.04,0.801,174.26,197.3009,50.05,0.947
2026-05-30 00:48:59,231.71,1.57,329.74,140.7276,50.1,0.896,224.91,2.372,492.98,92.2408,50.01,0.89,230.34,1.264,267.36,197.6776,50.24,0.954
2026-05-30 00:49:03,230.84,1.447,304.36,153.5159,50.15,0.913,232.02,1.815,370.51,88.3188,49.95,0.85,230.11,1.337,293.71,194.1857,50.25,0.979
2026-05-30 00:49:06,233.85,1.465,310.87,148.0219,50.07,0.973,227.43,2.666,497.68,90.6635,49.79,0.923,231.21,1.226,266.04,204.5409,50.24,0.926
2026-05-30 00:49:10,232.62,1.487,315.58,159.6655,50.06,0.938,224.87,2.147,441.7,89.2275,49.75,0.892,229.11,0.69,143.74,191.1246,50.19,0.925
2026-05-30 00:49:13,227.75,1.219,259.15,143.4324,49.83,0.933,231.19,1.952,426.06,99.9439,50.03,0.865,233.19,1.484,324.29,198.9702,50.18,0.948
2026-05-30 00:49:17,228.29,1.648,336.29,150.4629,50.12,0.895,225.57,2.571,499.44,93.6832,49.75,0.918,234.98,0.952,213.35,206.2547,50.05,0.927
2026-05-30 00:49:20,228.6,1.837,364.76,141.7997,50.11,0.968,225.68,2.467,465.05,94.6982,49.82,0.875,229.66,0.787,164.87,208.9051,50.16,0.981
2026-05-30 00:49:24,227.77,1.33,283.21,151.9791,50.17,0.945,228.99,2.628,542.7,88.6933,49.93,0.856,230.84,1.322,298.78,205.6028,50.27,0.971
2026-05-30 00:49:27,228.04,1.92,380.5,143.2956,49.88,0.927,228.59,3.186,640.64,90.4977,49.84,0.851,235.62,0.654,143.64,209.2994,50.05,0.956
2026-05-30 00:49:31,227.6,1.569,347.37,142.7127,49.9,0.903,225.54,2.183,452.3,91.4054,49.87,0.932,235.55,1.179,265.61,208.5735,50.26,0.983
2026-05-30 00:49:35,227.13,1.705,363.92,158.5881,49.96,0.917,228.82,2.803,540.36,91.2238,49.95,0.884,229.5,1.126,251.46,195.6655,50.15,0.922
2026-05-30 00:49:39,226.12,1.874,382.61,147.0788,50.16,0.963,227.16,1.833,391.47,86.3179,49.76,0.921,231.41,1.295,291.96,206.4039,50.01,0.987
2026-05-30 00:49:42,232.56,1.805,404.17,140.4704,50.03,0.901,232.32,3.115,609.05,85.2886,50.1,0.916,231.68,1.253,269.65,204.9107,50.07,0.929
2026-05-30 00:49:46,233.03,1.337,293.84,150.5382,49.87,0.969,227.6,2.16,411.36,94.3664,50,0.931,235.44,0.945,214.53,209.3718,50.17,0.958
2026-05-30 00:49:49,232.51,1.857,383.01,147.6876,50.1,0.884,229.79,2.797,556.05,92.7029,50.05,0.857,232.64,1.436,317.26,190.1258,50.12,0.934
2026-05-30 00:49:53,230.74,1.228,256.95,153.7317,50.18,0.944,225.43,2.634,518.3,90.0423,50.1,0.909,231.36,0.728,165.48,197.3527,50.24,0.932
2026-05-30 00:49:56,227.63,1.633,330.44,149.0009,49.95,0.973,224.67,2.304,439.91,89.2056,49.73,0.88,231.12,0.762,167.13,196.8313,50.03,0.93
2026-05-30 00:50:00,233.29,1.959,425.44,142.1851,50.19,0.894,224.24,2.912,598.73,95.8698,50.01,0.927,228.54,1.242,280.5,209.4339,50.28,0.981
2026-05-30 00:50:03,233.4,1.405,312.81,146.2069,50.05,0.927,232.81,2.291,447.5,89.1817,49.76,0.949,229.84,0.725,161,202.7372,50.08,0.939
2026-05-30 00:50:06,228.11,1.601,324.86,147.079,50.07,0.953,230.78,2.478,498.28,90.1978,50,0.881,230.41,0.85,186.98,194.3431,50.27,0.988
2026-05-30 00:50:10,233.3,1.899,424.79,157.1938,50.16,0.935,224.43,1.99,381,87.128,49.98,0.879,234.45,1.286,294.74,207.9137,50.02,0.962
2026-05-30 00:50:13,230.17,1.646,334.91,142.5876,50.08,0.886,228.71,2.789,585.46,96.1849,49.77,0.928,230.07,1.443,321.33,192.3288,50.03,0.937
2026-05-30 00:50:17,233.67,1.241,257.74,145.9504,50.06,0.943,232.21,2.851,546.58,85.6386,49.98,0.907,231.55,0.892,194.82,201.4712,50.04,0.97
2026-05-30 00:50:20,230.59,1.682,370,148.3944,50.15,0.941,230.28,2.14,457.78,93.8921,49.85,0.909,233.13,1.359,289.06,203.4292,50.07,0.928
2026-05-30 00:50:24,228.34,1.406,296.44,155.2706,50.19,0.969,226.96,2.99,624.87,93.6674,49.77,0.876,232.41,1.488,326.18,205.3472,50.12,0.931
2026-05-30 00:50:27,233.54,1.331,268.19,144.1221,49.9,0.892,228.96,3.014,654.72,96.0663,50.04,0.944,229.3,1.101,235.46,203.4,50.19,0.98
2026-05-30 00:50:31,228.21,1.688,350.58,156.4584,50.05,0.975,231.6,2.638,514.95,92.5496,49.93,0.905,231.86,0.777,164.26,192.7368,50.03,0.977
2026-05-30 00:50:34,228.27,1.335,260.57,146.9084,49.8,0.895,232.36,2.166,469.03,95.5415,49.9,0.894,235.54,1.288,275.02,196.9798,50.12,0.926
2026-05-30 00:50:37,233.47,1.778,358.01,151.8783,49.97,0.933,229.64,2.971,636.45,85.5792,49.79,0.897,228.47,0.879,191.71,200.8584,50.24,0.934
2026-05-30 00:50:41,230.64,1.218,239.75,144.2587,49.91,0.917,229.87,2.114,408.22,89.5348,49.75,0.887,230.71,1.173,257.56,201.4868,50.1,0.945
2026-05-30 00:50:44,226.69,1.545,303.04,149.9061,49.98,0.927,224.43,2.997,557.98,96.0496,50,0.872,234.79,1.194,255.14,192.8557,50.03,0.981
2026-05-30 00:50:48,233.21,1.839,386.88,149.7626,50.01,0.921,231.17,2.071,408.22,87.8643,50.02,0.883,231.73,0.739,159.59,196.9564,50.09,0.973
2026-05-30 00:50:51,226.28,1.872,381.81,142.1778,49.86,0.967,228,3.135,601.78,87.6096,49.76,0.859,233.27,1.477,311.68,193.7986,50.04,0.983
2026-05-30 00:50:55,231.32,1.203,256.1,154.9129,50.07,0.93,231.99,2.521,543.36,86.5273,49.71,0.899,233.71,1.328,282.52,198.7001,50.17,0.979
2026-05-30 00:50:58,231.44,1.339,290.78,159.156,50.08,0.911,231.83,2.901,603.75,89.7298,49.81,0.892,228.17,1.383,284.28,196.7903,50.03,0.925
2026-05-30 00:51:02,231.72,1.901,406.17,148.6001,50.06,0.885,230.97,2.144,441.03,88.0298,50.02,0.869,232.79,0.977,211.39,191.737,50.14,0.95
2026-05-30 00:51:05,233.72,1.833,405.69,155.1139,50.19,0.935,232.17,2.881,585.54,94.5697,49.72,0.898,231.92,0.676,151.15,206.0539,50.14,0.943
2026-05-30 00:51:09,233.58,1.672,339.81,145.5903,50.15,0.973,228.14,2.811,605.46,98.6531,50.06,0.865,228.46,1.484,326.69,191.7849,50.16,0.927
2026-05-30 00:51:12,230.58,1.415,291.31,154.278,49.95,0.933,229.44,3.166,645.02,91.8243,49.82,0.911,233.42,1.366,313.26,195.9655,50.03,0.969
2026-05-30 00:51:16,226.99,1.394,299.27,150.7658,50,0.889,225.25,1.917,381.68,94.9873,49.79,0.899,234.33,1.069,227.38,191.8177,50.16,0.962
2026-05-30 00:51:19,229.49,1.622,360.1,155.4666,49.82,0.957,230.54,2.534,481.28,88.4151,49.87,0.898,235.2,0.712,155.95,191.6051,50.23,0.941
2026-05-30 00:51:23,231.85,1.359,278.31,146.4008,49.93,0.914,227.65,2.078,388.52,94.0165,50.03,0.942,233.92,1.218,263.73,193.0569,50.2,0.978
2026-05-30 00:51:26,229.62,1.686,340.01,144.6725,49.88,0.897,229,2.513,507.5,92.6154,49.97,0.897,228.4,0.718,149.69,192.0025,50.24,0.944
2026-05-30 00:51:30,228.3,1.511,333.55,148.9491,50,0.881,227.64,2.735,556.3,97.0536,49.84,0.872,228.36,0.677,141.44,209.5607,50.1,0.955
2026-05-30 00:51:33,226.88,1.399,307.46,146.7736,50.03,0.912,225.05,2.137,437.17,97.3311,49.88,0.871,235.61,1.006,227.75,206.9743,50.18,0.933
2026-05-30 00:51:37,230.97,1.382,307.85,157.1004,50.09,0.902,228.97,1.932,374.45,90.6561,50.07,0.88,234.64,0.618,141.06,208.9684,50.26,0.921
2026-05-30 00:51:41,227.16,1.801,384.51,142.9299,49.84,0.934,232.8,2.417,521.04,95.5797,49.72,0.879,233.89,0.991,212.25,207.3696,50.29,0.97
2026-05-30 00:51:44,228.27,1.903,425.6,144.7364,49.85,0.972,232.96,2.534,565.68,94.4169,50,0.876,234.86,1.283,285.29,208.3036,50.2,0.966
2026-05-30 00:51:48,227.02,1.716,379.94,153.5655,49.94,0.901,225.75,2.265,423.43,97.5679,49.93,0.926,234.49,0.897,198.85,191.1024,50.18,0.922
2026-05-30 00:51:51,230.54,1.81,371.04,153.8495,50.01,0.974,232.02,2.366,480.34,88.3996,49.99,0.933,234.24,1.207,262.08,209.4164,50.15,0.985
2026-05-30 00:51:55,227.15,1.986,392.53,142.1128,50.14,0.887,224.06,2.293,435.68,85.4096,50.06,0.882,231.22,1.487,321.19,196.7261,50.06,0.977
2026-05-30 00:51:58,231.9,1.356,300.46,148.3212,49.8,0.977,226.98,2.917,566.74,95.0712,49.95,0.907,233.17,0.902,200.53,205.958,50.05,0.982
2026-05-30 00:52:02,227.11,1.896,401.91,154.9497,49.96,0.882,227.43,1.949,399.79,91.3157,49.89,0.89,228.72,1.273,287.26,193.7804,50.08,0.973
2026-05-30 00:52:05,229.57,1.437,316.66,145.7468,50.1,0.951,226.09,2.405,481.25,96.6099,49.74,0.915,231.54,1.29,271.36,200.3304,50.21,0.934
2026-05-30 00:52:09,232.61,1.56,352.04,159.625,50.07,0.932,230.8,2.994,608.87,94.8434,49.82,0.863,229.16,0.775,167.74,203.4639,50.11,0.956
2026-05-30 00:52:13,231.77,1.263,269.94,157.918,50,0.971,225.11,2.976,586.84,90.6428,50.07,0.902,228.01,1.32,272.48,197.1031,50.28,0.941
2026-05-30 00:52:16,233.97,1.345,274.63,155.7878,50.02,0.91,230.66,2.675,579.96,93.5344,50.01,0.922,229.24,0.768,168.28,199.9808,50.22,0.932
2026-05-30 00:52:20,229.37,1.624,320.5,157.7748,49.82,0.94,225.86,2.955,617.26,86.1947,50.04,0.893,230.51,0.803,177.95,195.2403,50.07,0.934
2026-05-30 00:52:23,228.64,1.203,259.86,147.6146,50.07,0.907,230.43,2.661,543.69,98.5129,49.79,0.879,230.2,0.65,138.95,194.0187,50.14,0.944
2026-05-30 00:52:27,229.22,1.49,321.47,147.6273,49.99,0.922,224.36,1.929,385.01,86.3602,49.8,0.921,233.58,1.271,284.67,194.8755,50.14,0.955
2026-05-30 00:52:30,228.86,1.93,389.03,155.9101,50.12,0.945,229.63,2.55,514.28,85.6469,49.85,0.861,233.43,0.974,219.9,192.6843,50.21,0.983
2026-05-30 00:52:34,226.1,1.557,331.12,154.9551,49.88,0.888,227.5,2.404,506.07,89.1439,49.87,0.891,232.36,1.271,277.53,197.8054,50.2,0.94
2026-05-30 00:52:37,228.12,1.35,281.71,141.319,49.82,0.946,232.43,2.562,543.49,99.0444,49.9,0.929,233.16,0.876,199.52,207.2905,50.06,0.957
2026-05-30 00:52:41,232.89,1.282,283.36,150.9641,50.12,0.92,231.1,2.517,488.09,87.855,50.03,0.899,231.76,0.644,144.05,209.0606,50.28,0.984
2026-05-30 00:52:44,228.83,1.227,266.72,151.3754,49.88,0.921,228.74,2.356,484.94,92.6379,49.98,0.889,234.21,0.633,143.01,208.4375,50.11,0.926
2026-05-30 00:52:48,233.47,1.757,380.84,143.6305,50.03,0.98,225.32,2.022,422.73,98.526,49.94,0.897,233.4,1.339,281.95,196.0532,50.2,0.945
2026-05-30 00:52:51,227.16,1.616,336.3,152.2686,50.17,0.889,227.82,2.323,471.51,91.7148,49.72,0.854,235.14,1.392,312.44,207.374,50.11,0.945
2026-05-30 00:52:55,229.24,1.231,256.29,148.3824,50.09,0.902,224.12,2.97,581.42,87.3311,49.83,0.916,228.48,0.736,159.08,209.0714,50,0.951
2026-05-30 00:52:58,233.81,1.464,323.93,154.088,50.08,0.88,225.75,1.981,416.73,85.666,49.74,0.871,233.38,1.109,249.22,197.294,50.21,0.989
2026-05-30 00:53:02,232.7,1.975,404.12,159.2472,49.89,0.942,231.91,2.646,529.07,87.1062,49.78,0.879,229.78,1.017,216.23,209.7124,50.18,0.94
2026-05-30 00:53:05,231.27,1.901,407.91,152.2116,49.85,0.925,224.63,2.957,628.47,92.3427,49.72,0.895,234,0.822,179.77,194.114,50.29,0.979
2026-05-30 00:53:09,227.1,1.218,266.18,140.2607,50.1,0.897,224.07,2.386,440.44,88.6911,49.94,0.903,229.66,0.844,175.14,209.3317,50.06,0.923
2026-05-30 00:53:12,228.67,1.515,316.42,146.5058,50.17,0.895,225.62,3.097,583.3,88.0614,49.93,0.892,231.39,0.643,140.51,191.349,50.04,0.965
2026-05-30 00:53:16,232.11,1.928,431.57,145.1733,50.03,0.933,225.51,2.646,531.73,94.3164,49.77,0.883,231.18,0.672,144.93,203.8994,50.28,0.925
2026-05-30 00:53:19,232.61,1.746,394.08,155.3609,49.95,0.934,230.99,3.15,606.79,97.0761,50.08,0.857,231.47,1.119,246.87,197.1489,50.1,0.969
2026-05-30 00:53:23,226.59,1.585,339.19,141.3507,49.88,0.907,232.67,2.288,510.41,91.2406,49.82,0.904,228.21,0.99,214.32,199.3433,50.28,0.967
2026-05-30 00:53:27,228.58,1.415,304.97,156.0794,49.86,0.886,226.11,2.989,647.74,91.8474,49.91,0.885,232.24,0.89,192.57,203.1648,50.25,0.95
2026-05-30 00:53:31,233.39,1.335,275.81,153.3361,49.94,0.953,225.07,2.909,541.17,94.9953,49.73,0.924,229.66,1.329,283.37,204.9071,50.21,0.945
2026-05-30 00:53:34,231.98,1.945,422.67,150.487,49.95,0.893,227.24,3.122,609.57,95.5963,49.99,0.944,233.53,1.415,299.53,204.4679,50.1,0.963
2026-05-30 00:53:38,228.88,1.37,282.75,157.9942,50.04,0.907,224.81,2.967,575.14,85.3847,49.99,0.897,234.9,1.161,268.16,200.7792,50.12,0.985
2026-05-30 00:53:41,231.51,1.331,274.64,158.8422,50.08,0.963,232.57,2.834,597.52,87.945,49.84,0.926,234.04,1.223,274.29,206.3569,50.03,0.989
2026-05-30 00:53:45,226.34,1.945,383.45,144.1683,49.92,0.908,228.08,3.143,609.76,94.9162,49.87,0.918,231.52,1.206,256.03,206.3247,50.14,0.939
2026-05-30 00:53:49,227.15,1.26,259.34,159.8528,50.1,0.883,230.82,2.564,554.34,94.2741,49.73,0.861,235.8,1.081,245.44,205.4459,50.21,0.94
2026-05-30 00:53:52,231.66,1.496,325.39,154.8653,50.09,0.944,228.12,2.582,536.09,92.0697,49.79,0.932,229.37,1.377,286.5,208.6851,50,0.986
2026-05-30 00:53:56,226.45,1.318,276.76,142.5833,49.97,0.935,231.91,2.611,517.48,99.3053,50.04,0.875,234.86,1.305,293.9,204.8679,50.05,0.986
2026-05-30 00:53:59,229.05,1.697,350.94,159.8934,50.05,0.92,230.66,2.091,456.83,88.3892,49.85,0.887,230.41,0.924,191.83,195.5649,50.3,0.923
2026-05-30 00:54:02,228.95,1.745,367.26,148.3904,49.88,0.94,228.16,1.85,380.18,96.2798,49.71,0.883,235.13,0.833,186.56,190.2248,50.25,0.966
2026-05-30 00:54:06,231.08,1.37,272.24,152.9697,49.94,0.904,227.99,2.893,581.37,96.3845,49.74,0.894,231.23,1.281,286.86,202.6667,50.14,0.958
2026-05-30 00:54:09,228.77,1.605,339.03,156.6665,49.86,0.942,228.25,2.47,533.91,85.6245,49.83,0.865,233.39,0.924,195.43,204.3467,50.16,0.962
2026-05-30 00:54:13,230.09,1.986,392.9,140.9301,50.06,0.891,226.02,2.864,541.02,97.9748,49.71,0.921,228.69,1.165,261.35,201.4577,50.17,0.938
2026-05-30 00:54:16,226.03,1.778,392.52,153.2197,49.96,0.978,224.86,2.695,513.88,89.829,49.99,0.903,230.99,1.141,241.94,191.5453,50.15,0.977
2026-05-30 00:54:19,226.19,1.779,378.83,154.4975,49.89,0.912,226.54,2.15,452.51,85.5038,49.79,0.852,231.39,0.913,198.21,196.1604,50.18,0.989
2026-05-30 00:54:23,226.96,1.744,380.39,147.1817,50.08,0.906,224.64,2.358,461.62,99.3223,49.85,0.883,234.85,1.187,261.34,207.9736,50.3,0.928
2026-05-30 00:54:26,228.21,1.355,262.87,159.527,49.82,0.89,232.97,2.676,522.35,91.3299,49.91,0.886,229.75,0.78,166.53,202.2736,50.23,0.927
2026-05-30 00:54:30,232.5,1.73,393.87,149.9937,49.86,0.925,225.5,2.58,507.26,91.9365,50.04,0.935,230,1.153,260.99,191.0757,50.09,0.954
2026-05-30 00:54:34,230.77,1.445,288.66,152.2745,50.01,0.934,224.86,2.78,556.15,97.8129,49.71,0.91,233.02,0.707,160.75,206.9118,50.22,0.935
2026-05-30 00:54:37,226.09,1.677,366.97,142.0976,50.03,0.907,231.18,2.199,481.35,93.3865,49.71,0.893,235.52,1.448,322.02,199.3843,50.28,0.974
2026-05-30 00:54:41,233.69,1.927,404.73,147.0348,50.15,0.897,228.24,2.14,462.97,96.2259,49.96,0.878,231.17,0.774,176.48,199.7285,50.16,0.978
2026-05-30 00:54:44,230.81,1.442,299.88,157.9885,49.93,0.943,228.86,2.638,509.68,96.5234,50.06,0.854,235.15,1.308,302.92,209.3166,50.24,0.922
2026-05-30 00:54:48,230.78,1.334,276.16,141.3358,49.95,0.925,231.54,2.565,567.34,89.3752,50.03,0.93,234.79,1.395,300.93,198.9843,50.15,0.974
2026-05-30 00:54:51,229.82,1.204,270.55,150.8148,49.81,0.911,227.17,2.64,505.39,95.7845,49.79,0.938,228.84,1.148,255.82,196.4321,50.11,0.972
2026-05-30 00:54:55,234,1.634,346.4,140.8459,50.11,0.93,226.32,2.599,525.97,87.6065,49.82,0.916,232.33,0.972,213.75,197.5805,50.09,0.944
2026-05-30 00:54:58,231.72,1.965,387.49,149.7176,50.07,0.937,227.32,2.556,480.73,90.7665,49.83,0.943,234.44,1.393,301.15,205.6437,50.01,0.928
2026-05-30 00:55:02,233.92,1.463,301.5,156.9626,49.88,0.97,230.44,2.507,525.39,91.6789,49.83,0.87,231.61,1,216.94,205.3785,50.21,0.938
2026-05-30 00:55:06,232.43,1.456,300.55,155.3572,49.88,0.969,227.91,1.917,414.26,95.6957,49.77,0.864,231.19,0.679,145.83,190.7619,50.2,0.958
2026-05-30 00:55:10,226.93,1.889,414.4,143.3688,49.81,0.899,226.47,3.122,622.58,90.9655,49.78,0.862,234.87,1.27,275.22,202.7231,50.04,0.979
2026-05-30 00:55:13,229.38,1.214,238.39,152.5168,50.14,0.954,229.19,2.811,555.88,85.4644,49.99,0.889,228.8,1.306,283.29,202.3765,50.26,0.942
2026-05-30 00:55:17,228.66,1.468,297.09,146.7212,50.04,0.902,228.64,2.036,386.59,91.6034,49.78,0.876,233.05,0.901,203.46,190.0244,50.2,0.92
2026-05-30 00:55:21,231.99,1.785,376.19,155.7719,49.9,0.95,226.17,2.095,419.91,97.1141,49.82,0.87,228.53,0.767,172.05,198.9213,50.24,0.982
2026-05-30 00:55:24,228.81,1.461,296.53,157.8235,49.8,0.9,226.43,2.144,423.35,85.1168,49.93,0.918,233.03,1.072,238.44,191.5957,50.27,0.944
2026-05-30 00:55:28,230.02,1.823,391.43,148.3861,49.87,0.964,230.32,2.77,552.89,92.2162,49.84,0.929,230.91,1.026,231.45,203.2893,50.07,0.988
2026-05-30 00:55:31,232.67,1.391,315.67,153.0266,50.14,0.906,232.77,3.2,637.52,86.5628,50.06,0.877,230.23,0.653,141.13,207.8925,50.26,0.965
2026-05-30 00:55:35,228.91,1.306,263.41,149.5074,50.13,0.97,229.1,2.957,583.35,98.6832,49.76,0.929,231.57,0.977,209.57,190.3889,50.3,0.933
2026-05-30 00:55:38,229.59,1.76,371.03,153.5212,49.85,0.915,229.39,2.616,517.48,95.3664,50.07,0.888,232.15,0.864,180.62,194.6294,50.26,0.983
2026-05-30 00:55:42,233.94,1.574,341,153.7732,50.1,0.973,228,2.176,457.09,85.6371,49.81,0.916,235.08,1.204,275.85,192.0946,50.23,0.961
2026-05-30 00:55:46,229.83,1.268,263.96,146.871,49.9,0.955,228.18,2.892,604.89,85.593,50.04,0.862,232.31,0.705,149.25,191.635,50.07,0.958
2026-05-30 00:55:49,231.5,1.953,405.34,152.9738,50.05,0.954,231.56,2.118,458.62,93.2426,49.93,0.948,230.68,0.962,202.2,195.8158,50.18,0.948
2026-05-30 00:55:53,227.79,1.729,344.78,146.0066,50.04,0.98,232.85,2.735,576.86,85.9743,50.07,0.933,230.62,0.735,160.19,205.7163,50.14,0.934
2026-05-30 00:55:56,229.05,1.389,271.61,152.3029,50.16,0.905,231.95,2.892,603.33,95.9558,50.09,0.903,232.06,0.933,197.56,199.505,50.28,0.958
2026-05-30 00:56:00,227.16,1.777,372.98,142.0063,50.08,0.886,231.82,2.12,455.37,91.5373,49.77,0.927,234.8,0.617,137.36,191.881,50.07,0.972
2026-05-30 00:56:04,226.49,1.592,336.68,152.5431,49.9,0.881,225.96,1.842,355.74,94.7583,49.86,0.949,230.54,0.949,215.18,204.3529,50.27,0.966
2026-05-30 00:56:07,228.85,1.548,312.07,144.3586,50.14,0.913,232.71,2.378,513.04,94.381,50.08,0.948,228.94,0.602,127.39,201.6987,50.17,0.936
2026-05-30 00:56:11,231.32,1.609,358.58,140.0869,50.13,0.925,227.68,3.068,618.98,89.4345,49.92,0.923,233.75,1.433,302.02,207.886,50.09,0.972
2026-05-30 00:56:14,233.31,1.86,399.88,141.4091,49.97,0.961,226.68,2.09,447.01,91.2204,49.76,0.94,232.81,1.216,258.4,205.4565,50.1,0.928
2026-05-30 00:56:19,233.98,1.481,299.37,141.2905,49.81,0.929,224.65,1.814,335.41,87.3771,49.74,0.873,235.67,1.223,273.4,201.519,50.21,0.936
2026-05-30 00:56:23,227.38,1.519,312.87,148.454,50.06,0.965,229.55,3.023,639.7,89.7634,49.72,0.919,235.69,1.352,301.81,197.9958,50.08,0.945
2026-05-30 00:56:26,231.21,1.779,401.68,144.547,49.88,0.972,226.94,2.98,620.85,89.3981,49.73,0.898,234.99,1.097,249.37,209.6276,50.01,0.937
2026-05-30 00:56:30,233.14,1.635,326.16,153.6699,50.2,0.895,225.85,2.798,543.37,95.3868,49.93,0.896,235,0.827,190.04,200.7433,50.24,0.981
2026-05-30 00:56:34,232.95,1.361,295.51,156.1858,50.09,0.971,225.15,1.892,407.24,89.5442,49.8,0.888,231.82,1.078,232.74,208.0577,50.11,0.924
2026-05-30 00:56:38,226.2,1.979,390.05,142.4604,49.99,0.952,229.66,2.591,558.93,90.8476,50.04,0.917,235.3,1.195,266.12,190.099,50.21,0.93
2026-05-30 00:56:43,233.09,1.588,323.67,153.0456,50.03,0.926,224.88,2.004,402.69,87.5472,49.74,0.911,228.63,1.017,219.82,198.565,50.15,0.946
2026-05-30 00:56:47,229.42,1.648,345.21,155.4076,49.9,0.917,226.15,2.628,569.69,93.9668,49.99,0.873,228.33,1.21,272.77,191.5163,50.16,0.964
2026-05-30 00:56:50,228.46,1.683,339.79,157.5911,49.83,0.9,228.28,2.133,406.41,98.7631,50,0.945,230.2,1.096,246.42,204.9844,50.09,0.988
2026-05-30 00:56:54,228.45,1.693,358.38,156.624,49.92,0.895,226.1,2.205,466.56,88.3307,49.73,0.934,232.44,1.022,219.53,196.1463,50.03,0.929
2026-05-30 00:56:58,230.77,1.752,361.36,156.3983,50.14,0.939,230.68,2.854,611.83,86.928,50.07,0.927,235.6,0.981,221.69,202.4375,50.02,0.977
2026-05-30 00:57:02,227.11,1.717,357.98,156.2914,49.93,0.909,230.55,2.715,570.06,95.7388,50.03,0.931,231.02,1.26,277.78,199.274,50.19,0.959
2026-05-30 00:57:05,227.2,1.827,397.1,148.1853,50.13,0.924,224.96,2.497,520.34,92.9107,49.86,0.887,235.26,1.264,269.6,199.9337,50.03,0.981
2026-05-30 00:57:09,231.99,1.286,260.04,146.9253,49.84,0.908,231.7,3.115,646.32,91.5267,50.07,0.936,232.66,0.978,205.23,202.5043,50.04,0.948
2026-05-30 00:57:12,227.7,1.425,298.08,153.9319,50.11,0.943,226.27,1.957,380.72,92.7327,50.05,0.851,233.74,1.21,268.4,207.868,50.22,0.933
2026-05-30 00:57:16,229.37,1.54,305.91,155.1291,50.19,0.94,231.98,2.515,526.12,90.4274,50.05,0.931,231.78,0.964,207.69,198.6841,50.16,0.969
2026-05-30 00:57:19,227.68,1.419,279.44,151.1909,50.02,0.938,230.92,2.559,540.58,90.3545,50.08,0.9,232.58,0.736,168.95,194.3388,50.05,0.989
2026-05-30 00:57:23,232.9,1.372,310.67,140.7657,49.97,0.924,228.42,2.141,446.93,92.7397,49.89,0.858,231.53,1.41,319.66,201.6189,50.28,0.923
2026-05-30 00:57:26,229.95,1.59,331.64,140.514,50.01,0.938,227.9,2.119,461.36,98.2821,49.89,0.892,232.95,0.606,132.6,197.0469,50.09,0.955
2026-05-30 00:57:30,229.58,1.941,393.24,148.1303,49.89,0.901,227.87,1.869,390.58,91.5176,49.91,0.857,228.43,0.961,208.92,200.6685,50.09,0.972
2026-05-30 00:57:33,226.87,1.445,297.43,157.3949,49.94,0.947,225.7,2.292,487.96,86.7133,49.79,0.94,230.27,1.313,297.95,199.3024,50,0.981
2026-05-30 00:57:37,232.55,1.261,286.69,145.8989,50.03,0.893,230.46,1.836,373.58,87.1533,49.95,0.916,230.31,0.743,161.56,198.7221,50.19,0.986
2026-05-30 00:57:40,226.36,1.764,352.39,141.3003,49.91,0.945,229.61,2.515,531.39,99.383,49.86,0.854,234.31,1.062,229.79,196.5946,50.21,0.978
2026-05-30 00:57:44,233.45,1.437,297.71,153.2464,50.05,0.946,225.72,3.01,641.92,95.352,49.88,0.926,229.08,1.318,276.39,192.2422,50.05,0.957
2026-05-30 00:57:47,226.44,1.576,339.12,146.3167,49.81,0.925,227.56,2.363,466.77,94.2574,49.73,0.85,231.68,1.143,253.07,209.6072,50.07,0.935
2026-05-30 00:57:51,229.98,1.89,396.63,148.7063,50.18,0.913,226.76,2.271,443.47,86.499,49.76,0.904,230.58,0.889,193.09,190.6706,50.06,0.941
2026-05-30 00:58:01,229.97,1.511,326.26,156.8095,50.18,0.912,227.75,2.22,460.16,97.1796,49.75,0.875,228.62,1.381,312.17,200.8537,50.06,0.958
2026-05-30 00:58:05,231.94,1.571,310.92,148.3508,49.93,0.954,227.59,2.55,544.41,88.9231,49.75,0.872,228.25,1.272,273.81,209.5603,50.03,0.927
2026-05-30 00:58:08,226.88,1.386,267.38,146.0052,49.84,0.881,225.8,2.635,517.71,97.2054,49.7,0.914,229.45,1.199,258.32,205.6203,50.2,0.95
2026-05-30 00:58:12,228.98,1.306,279.36,142.5062,50.08,0.909,231.15,3.117,632.74,99.4469,49.75,0.874,228.61,0.97,213.32,208.1463,50.3,0.955
2026-05-30 00:58:16,227.08,1.755,387.36,159.9011,50.15,0.973,227.82,2.933,630.51,93.5432,50.01,0.942,231.81,0.859,185.87,203.0426,50.28,0.973
2026-05-30 00:58:19,232.32,1.208,249.51,141.1743,49.87,0.912,224.42,1.972,424.2,88.0158,49.8,0.886,229.54,1.314,279,200.6223,50.27,0.939
2026-05-30 00:58:23,231.63,1.625,344.29,151.2609,49.97,0.936,224.73,2.886,553.99,98.9123,49.98,0.919,232.67,1.209,258.8,195.7875,50.18,0.961
2026-05-30 00:58:27,233.89,1.888,429.17,140.7287,50.16,0.892,225.4,2.931,593.05,87.9008,49.88,0.868,232.46,1.108,244.9,197.8719,50.1,0.928
2026-05-30 00:58:30,229.28,1.881,394.29,151.3702,50.03,0.938,225.6,2.14,425.02,93.4907,49.73,0.86,233.54,0.739,162.68,192.0962,50.2,0.922
2026-05-30 00:58:34,227.57,1.625,357.64,144.5424,49.82,0.925,224.02,2.848,552.37,87.1654,49.9,0.873,235.43,1.363,306.93,198.4356,50.23,0.947
2026-05-30 00:58:38,228.28,1.395,300.72,140.7036,49.8,0.923,230.62,2.531,499.43,92.9474,49.92,0.913,234.41,0.982,221.59,196.5812,50.29,0.92
2026-05-30 00:58:41,233.85,1.911,381.64,153.2102,49.89,0.9,229.02,2.832,585.48,85.1585,49.98,0.861,231.38,1.035,233.54,203.5821,50.11,0.935
2026-05-30 00:58:45,229.35,1.63,347.61,151.5493,49.9,0.916,231.66,2.215,483.05,89.3656,50.03,0.926,232.71,0.617,133.6,196.435,50.08,0.942
2026-05-30 00:58:48,229.46,1.967,407.67,152.1627,50.14,0.947,230.16,2.701,587.67,86.2671,49.91,0.891,230.37,1.221,265.34,195.2912,50.14,0.958
2026-05-30 00:58:52,233.72,1.743,379.99,146.8281,49.89,0.903,230.41,3.194,620.91,93.3856,49.94,0.862,228.48,1.33,294.01,203.2922,50.28,0.988
2026-05-30 00:58:55,228.5,1.269,258.36,159.7325,49.86,0.902,226.06,3.015,622.24,98.6389,49.71,0.88,229.62,0.703,149.93,194.6426,50.1,0.976
2026-05-30 00:58:59,231.67,1.668,338.84,144.8698,49.92,0.973,228.65,2.773,603.63,87.1512,49.94,0.882,232.07,1.087,240.22,199.0516,50.13,0.949
2026-05-30 00:59:03,226.11,1.647,350.67,157.0254,49.9,0.922,224.61,1.818,361.03,89.2644,49.76,0.871,231.85,1.107,244.14,192.6561,50.13,0.948
2026-05-30 00:59:06,226.64,1.959,405.08,155.4262,50.06,0.967,226.26,1.818,393.01,86.4201,49.76,0.865,232.49,0.677,145.56,190.6644,50.13,0.99
2026-05-30 00:59:10,229.64,1.952,408.46,155.0919,50.05,0.882,224.58,2.212,450.03,90.165,49.96,0.939,229.25,1.144,239.69,196.6436,50.1,0.928
2026-05-30 00:59:13,232.82,1.552,323.19,140.1284,49.82,0.93,228.28,2.82,609.67,92.2915,49.95,0.906,228.62,1.158,243.84,207.8595,50.07,0.923
2026-05-30 00:59:17,232.72,1.94,399.35,146.7421,49.91,0.937,231.53,2.755,544.24,94.9969,49.73,0.874,233.55,1.307,296.78,206.4738,50.14,0.984
2026-05-30 00:59:20,227.16,1.749,360.17,147.0708,50.1,0.972,224.2,2.937,550.51,92.7609,49.79,0.882,233.5,0.856,188.89,190.4286,50.01,0.942
2026-05-30 00:59:24,229.22,1.618,341.6,142.6773,50.03,0.956,228.93,3.179,610.25,98.4901,49.8,0.892,229.2,1.199,250.34,190.6497,50.18,0.976
2026-05-30 00:59:27,232.55,1.435,324.09,153.4755,50.14,0.92,227.13,2.405,448.38,90.3762,49.99,0.94,234.95,0.854,193.94,206.63,50,0.968
2026-05-30 00:59:30,228.34,1.718,376.68,147.4877,49.99,0.945,231.08,2.644,518.64,94.2188,49.9,0.944,231.31,1.379,305.51,204.9529,50.28,0.969
2026-05-30 00:59:34,229.17,1.506,318.16,154.1888,49.9,0.898,228.87,2.384,467.22,93.4102,49.97,0.93,229.11,1.327,274.4,206.628,50.26,0.985
2026-05-30 00:59:38,233.35,1.457,293.49,153.2184,50.16,0.92,226.54,2.298,433.37,93.04,49.92,0.875,233.77,0.696,157.69,198.5409,50.04,0.952
2026-05-30 00:59:41,229.15,1.242,255.88,150.6647,49.86,0.907,230.23,1.849,377.07,98.831,50,0.855,233.14,0.815,175.01,195.7095,50.09,0.981
2026-05-30 00:59:45,228.19,1.823,384.15,158.4188,49.83,0.94,232.92,2.026,396.58,89.5782,49.75,0.901,228.8,1.293,276.26,203.8173,50.19,0.968
2026-05-30 00:59:48,228.37,1.55,307.13,149.9172,49.82,0.892,226.71,1.848,360.16,97.2347,49.94,0.921,231.05,1.241,276,207.6727,50.3,0.965
2026-05-30 00:59:52,232.95,1.233,279.74,159.0519,50.19,0.957,226.62,1.877,354.2,95.7524,49.96,0.906,230.81,0.626,130.05,204.6457,50.1,0.99
2026-05-30 00:59:55,226.06,1.628,316.92,141.0903,49.82,0.919,228.1,2.056,406.81,96.585,49.75,0.885,233.73,0.877,185.01,190.2631,50.12,0.954
2026-05-30 00:59:59,233.15,1.436,310.81,142.3405,50.03,0.904,227.71,2.436,498.82,89.1178,49.79,0.932,233.6,0.871,187.28,206.9101,50.04,0.983
2026-05-30 01:00:02,226.03,1.74,378.94,154.2026,50.06,0.951,226.52,2.149,407.32,85.0429,49.75,0.895,234.84,1.016,234.43,206.9124,50.18,0.974
2026-05-30 01:00:06,233.02,1.53,344.53,140.7227,49.89,0.934,227.59,1.851,371.24,95.8111,49.98,0.864,234.81,1.153,258.03,196.6239,50.06,0.932
2026-05-30 01:00:09,228.57,1.7,375.08,156.0267,49.81,0.972,231.3,3.122,658.4,94.373,49.77,0.906,229.5,1.347,288.01,200.7804,50.05,0.946
2026-05-30 01:00:12,232.28,1.68,361.54,142.2785,49.88,0.928,229.84,1.924,406.59,87.987,49.7,0.873,234.99,1.331,292.73,209.9734,50.16,0.947
2026-05-30 01:00:16,229.54,1.98,392.85,145.452,49.87,0.904,229.17,3.076,583.94,85.1532,49.73,0.878,229.73,0.783,162.88,209.4855,50.04,0.964
2026-05-30 01:00:20,228.22,1.626,321.25,153.8837,49.99,0.921,228.52,2.789,528.22,85.7393,50.06,0.938,234.91,1.494,344.56,198.013,50.06,0.961
2026-05-30 01:00:23,227.12,1.349,269.51,156.6357,50.05,0.976,231.14,2.593,501.12,89.6558,50.08,0.91,230.62,0.77,167.82,195.3695,50.15,0.971
2026-05-30 01:00:27,232.73,1.846,397.46,156.8672,50.12,0.941,231.12,2.14,463.71,85.8326,50.1,0.893,229.58,1.026,227.22,191.7571,50.28,0.964
2026-05-30 01:00:32,229.25,1.554,319.56,151.8508,50.08,0.935,226.1,2.423,477.11,85.503,49.83,0.883,229.99,0.857,186.43,201.6564,50.11,0.966
2026-05-30 01:00:35,230.8,1.629,365.9,159.66,49.91,0.906,229.66,2.328,498.79,95.022,49.72,0.946,232.62,0.646,147.17,200.4,50.1,0.935
2026-05-30 01:00:39,229.53,1.398,289.9,153.1178,50.05,0.958,227.47,2.479,464.82,87.8804,49.86,0.903,232.22,1.211,273.84,195.3311,50.14,0.949
2026-05-30 01:00:43,232.5,1.554,347.12,149.4531,49.84,0.975,225.38,1.841,359.1,87.0396,49.87,0.871,232.11,1.289,273.25,208.7143,50.07,0.962
2026-05-30 01:00:47,226.85,1.991,406.23,154.607,49.84,0.883,230.98,3.155,695.01,97.9653,49.9,0.931,231.02,1.43,311.2,209.1777,50.01,0.966
2026-05-30 01:00:51,230.91,1.754,368.52,140.2691,49.82,0.887,231.61,2.957,628.16,87.4499,50.09,0.852,230.12,1.437,323.61,194.179,50.26,0.981
2026-05-30 01:00:54,226.4,1.834,356.25,144.2005,49.87,0.95,226.3,1.853,387.3,96.7459,50.01,0.931,234.96,1.059,238.79,204.026,50.03,0.979
2026-05-30 01:00:59,231.7,1.547,330.69,145.9246,49.92,0.905,227.72,2.022,421.87,85.9016,49.83,0.948,231.81,0.964,220.06,196.7855,50.29,0.955
2026-05-30 01:01:02,233.83,1.972,431.27,155.2305,50.03,0.932,225.74,3.055,655.88,87.5005,49.94,0.874,234.63,1.387,321.58,192.7743,50.19,0.953
2026-05-30 01:01:06,229.31,1.596,311.77,143.1188,50.06,0.896,228.2,3.198,672.38,98.9943,49.72,0.941,235.95,0.758,167.31,192.6979,50.21,0.982
2026-05-30 01:01:10,228.14,1.532,299.96,155.3839,50.16,0.973,232.45,2.831,586.45,88.0636,50.06,0.891,234.02,1.436,321.15,193.4977,50.01,0.984
2026-05-30 01:01:13,229.28,1.27,260.65,153.8723,50.12,0.968,229.98,1.841,377.78,87.2021,50.07,0.949,235.52,0.951,203.57,195.5464,50.15,0.978
2026-05-30 01:01:17,227.66,1.505,334.01,149.8912,50.12,0.934,227.8,2.786,590.18,87.8491,49.91,0.928,232.72,1.484,320.18,201.0247,50.14,0.95
2026-05-30 01:01:22,228.08,1.434,305.04,140.2159,49.99,0.973,225.55,2.063,397.14,92.5257,49.72,0.947,229.2,1.17,264.22,194.6386,50.2,0.941
2026-05-30 01:01:26,229.17,1.68,347.92,154.352,50.05,0.963,231.93,2.886,572.37,98.4814,49.84,0.934,229.16,1.016,220.66,193.0624,50.13,0.975
2026-05-30 01:01:29,228.14,1.478,304.54,150.1501,50.06,0.961,228.38,3.19,677.63,92.8558,49.73,0.894,233.1,1.414,319.64,195.6596,50.04,0.984
2026-05-30 01:01:32,232.25,1.869,393.45,145.2948,50.19,0.968,232.49,1.978,394.3,92.4602,49.82,0.919,232.55,1.053,232.72,203.0839,50.1,0.932
2026-05-30 01:01:36,233.1,1.657,351.52,154.8756,49.91,0.929,231.09,3.142,616.13,87.3435,50.05,0.934,229.06,0.627,140.07,203.1086,50.27,0.933
2026-05-30 01:01:40,233.19,1.467,325.74,142.1006,50.13,0.973,224.89,2.67,560.48,91.576,49.78,0.927,228.66,0.936,202.08,198.506,50.24,0.98
2026-05-30 01:01:43,229.05,1.448,301.19,154.6087,50.06,0.945,229.96,2.226,487.02,90.479,49.73,0.92,229.8,0.708,151.53,199.5081,50.24,0.923
2026-05-30 01:01:48,231.48,1.618,331.29,151.741,49.82,0.941,228.08,2.296,477.68,95.0127,49.95,0.928,233.17,1.378,301.11,195.223,50.02,0.939
2026-05-30 01:01:51,226.67,1.623,353.99,153.8138,49.89,0.959,232.66,3.131,695.8,93.5909,49.81,0.871,228.54,1.026,219.09,206.51,50.26,0.947
2026-05-30 01:01:56,231.74,1.866,390.07,147.9899,50.17,0.882,226.23,1.898,369.56,85.3646,49.81,0.936,235.99,1.339,288.03,209.011,50.3,0.934
2026-05-30 01:02:00,232.16,1.841,381.55,154.0913,49.84,0.952,232.99,2.51,540.86,98.313,50.04,0.921,235.16,0.924,213.99,206.4734,50.01,0.935
2026-05-30 01:02:04,229.59,1.995,420.2,149.4679,50.17,0.923,224.08,2.546,528.16,89.0227,49.8,0.909,228.38,1.115,231.65,195.4357,50.28,0.97
2026-05-30 01:02:07,228.04,1.285,257.58,149.0935,50.05,0.979,226.07,2.082,390.83,87.4495,49.9,0.89,231.66,1.053,230.16,195.1745,50.11,0.972
2026-05-30 01:02:11,230.23,1.255,266.35,145.4896,50.05,0.955,227.27,3.196,602.94,86.949,49.94,0.913,232.34,0.652,136.91,200.8443,50.1,0.938
2026-05-30 01:02:15,227.07,1.37,291.01,142.0898,50.14,0.944,225.45,2.129,423.31,91.0906,49.93,0.89,234.53,0.765,163.73,197.9252,50.08,0.929
2026-05-30 01:02:19,230.28,1.824,388.18,153.4051,49.82,0.949,231.06,2.223,457.22,91.4109,49.86,0.889,230.98,0.793,178.84,208.7488,50.29,0.931
2026-05-30 01:02:23,233.58,1.666,366.11,140.4667,49.95,0.955,225.69,3.166,590.53,95.8405,49.84,0.862,233.79,1.12,244.25,208.3865,50.12,0.935
2026-05-30 01:02:27,226.31,1.38,276.82,142.2115,50.07,0.919,227.55,1.989,428.74,90.5511,49.89,0.852,234.18,1.187,264.88,201.5484,50.19,0.979
2026-05-30 01:02:31,229.15,1.782,347.65,155.1351,50.01,0.945,231.51,1.978,418.03,86.4958,50.1,0.944,231.27,1.071,239.42,191.9957,50.2,0.985
2026-05-30 01:02:35,229.28,1.921,375.86,148.4402,49.82,0.912,225.85,3.094,663.13,96.3083,49.84,0.862,229.26,1.109,250.21,201.7559,50.22,0.939
2026-05-30 01:02:39,230.74,1.387,274.39,153.7754,50.06,0.887,225.66,1.808,341.9,97.4726,49.98,0.94,231.13,1.254,263.28,208.1314,50.03,0.981
2026-05-30 01:02:43,229.78,1.967,390.06,152.2988,49.9,0.89,229.34,2.625,551.42,97.4117,49.87,0.909,228.35,0.806,179.25,195.2673,50.07,0.955
2026-05-30 01:02:46,229.07,1.246,275.26,156.4059,49.98,0.886,226.77,2.049,388.83,90.1077,49.76,0.871,231.23,1.338,287.11,193.9798,50.26,0.959
2026-05-30 01:02:50,227.47,1.808,382.88,141.6141,49.81,0.938,230.85,3.128,664.95,98.5995,50.01,0.855,234.23,0.922,197.06,207.6319,50.08,0.933
2026-05-30 01:02:54,229.92,1.819,371.42,154.6245,49.83,0.955,227.19,2.878,605.89,93.7577,49.75,0.886,233.24,0.81,180.45,208.0822,50.21,0.928
2026-05-30 01:02:58,231.31,1.277,263.31,140.7405,50.17,0.916,231.88,2.372,484.61,91.692,49.88,0.851,234.2,1.444,332.15,208.2841,50.02,0.928
2026-05-30 01:03:01,232.32,1.806,376.65,159.5727,50.09,0.899,232.36,3.01,665.64,96.4138,49.98,0.887,230.82,1.234,278.67,194.1283,50.1,0.987
2026-05-30 01:03:05,227.35,1.495,303.66,148.6871,50.14,0.938,224.09,2.022,373.44,92.5057,50.06,0.905,229.52,0.801,168.73,191.876,50.1,0.921
2026-05-30 01:03:08,226.75,1.527,314.33,157.8918,50.13,0.916,226.36,2.668,519.81,96.6489,50.04,0.906,235.7,0.903,206.4,198.3451,50.24,0.976
2026-05-30 01:03:12,228.89,1.841,371.22,147.0683,49.93,0.937,224.69,2.169,401.44,91.4081,49.95,0.942,231.71,1.461,330.62,193.2115,50.07,0.932
2026-05-30 01:03:15,233.63,1.649,349.61,140.9103,50,0.972,227.01,2.233,417.48,97.9116,49.83,0.913,231.34,0.709,156.47,190.0388,50.28,0.96
2026-05-30 01:03:19,233.87,1.368,297.62,149.6212,50.15,0.918,224.06,2.877,540.7,99.6915,49.86,0.937,231.04,0.647,142.36,203.6264,50.25,0.976
2026-05-30 01:03:23,228.24,1.772,354.27,152.1695,49.81,0.888,227.66,2.587,542.53,99.1086,50.07,0.918,232.22,1.338,297.27,207.7063,50.01,0.962
2026-05-30 01:03:26,233.73,1.341,303.34,159.5607,50.1,0.91,229.77,2.163,442.2,93.3401,50.01,0.874,229.4,1.491,318.41,209.9552,50.26,0.983
2026-05-30 01:03:30,228.7,1.278,256.28,154.5999,49.83,0.938,224.8,3.122,607.36,86.7744,49.95,0.947,231.29,0.957,202.69,205.1895,50,0.952
2026-05-30 01:03:33,231.44,1.907,383.28,140.0913,49.99,0.971,228.19,2.475,532.62,89.709,49.83,0.914,232.79,1.248,262.04,196.9813,50.19,0.974
2026-05-30 01:03:37,229.86,1.447,315.07,153.3179,50.05,0.933,228.1,2.939,573.2,95.9915,50.08,0.917,228.59,1.209,252.1,204.919,50.12,0.958
2026-05-30 01:03:41,230.82,1.393,296.6,149.89,50.13,0.882,227.17,3.103,650.32,96.5556,49.77,0.943,228.63,0.82,169.04,190.9162,50.14,0.968
2026-05-30 01:03:44,231.29,1.974,401.94,144.2628,49.96,0.953,231.49,2.068,442.79,92.3087,49.96,0.89,233.93,0.995,219.18,207.7705,50.02,0.921
2026-05-30 01:03:48,228.42,1.866,389.98,143.5383,49.99,0.937,227.15,3.168,660.15,93.8601,49.71,0.889,232.64,1.463,313.91,190.7153,50.18,0.965
2026-05-30 01:03:53,229.44,1.69,367.05,152.3175,50.09,0.914,232.37,2.349,489.7,91.8821,49.84,0.948,228.64,1.071,226.46,208.3364,50.08,0.93
2026-05-30 01:03:56,232.22,1.358,282.61,141.477,49.82,0.881,225.82,2.706,569.68,96.465,49.97,0.863,234.37,1.389,309.55,196.3024,50.28,0.979
2026-05-30 01:03:59,232.53,1.898,426.63,152.5119,49.86,0.882,228.53,3.171,670.02,85.7732,49.87,0.872,235.02,1.239,283.24,194.2215,50.12,0.969
2026-05-30 01:04:03,233.37,1.621,367.6,159.8842,49.9,0.968,231.93,2.818,563.88,92.5362,49.92,0.913,229.08,1.001,213,202.4751,50.06,0.949
2026-05-30 01:04:07,233.33,1.456,311.69,148.9225,50,0.922,226.71,2.269,431.9,86.1672,49.97,0.862,228.26,1.319,278.4,198.2872,50.28,0.942
2026-05-30 01:04:10,229.43,1.459,308.01,142.0522,49.84,0.923,226.3,2.964,571.25,95.9556,49.71,0.945,229.6,1.24,280.94,192.2532,50.14,0.96
2026-05-30 01:04:14,233.27,1.43,293.01,149.0338,49.94,0.927,225.03,3.154,610.2,95.3293,49.75,0.936,232.67,1.158,250.01,199.1662,50.13,0.924
2026-05-30 01:04:17,226.73,1.46,282.02,142.2238,49.93,0.928,226.8,2.691,556.21,86.5751,49.96,0.898,233.69,0.608,133.68,204.35,50.16,0.987
2026-05-30 01:04:21,230.33,1.53,321.05,143.6102,49.81,0.934,228.61,2.174,468.67,87.6088,49.73,0.891,229.58,1.296,283.55,198.3961,50.05,0.978
2026-05-30 01:04:25,230.84,1.742,357.73,151.4173,50.07,0.919,225.2,2.739,550.44,87.9218,49.74,0.946,229.88,0.822,178.33,199.1096,50.14,0.935
2026-05-30 01:04:29,227.09,1.622,326.7,145.8132,50.17,0.965,224.87,2.635,520.87,86.2382,49.72,0.925,229.87,0.684,151.56,197.1041,50.12,0.943
2026-05-30 01:04:33,230.13,1.543,310.75,140.9576,50.01,0.956,231.09,3.004,596.32,95.9273,50.1,0.874,228.43,1.127,246.12,200.0118,50.18,0.922
2026-05-30 01:04:36,233.31,1.335,305.07,155.3615,50.04,0.948,225.56,2.242,458.37,89.2104,49.75,0.871,235.45,1.222,261.81,199.9406,50.08,0.921
2026-05-30 01:04:40,232.81,1.679,350.46,148.5511,49.93,0.906,228.28,2.116,448.52,85.1957,49.93,0.931,228.98,1.475,334.22,198.9792,50.24,0.985
2026-05-30 01:04:44,233.19,1.928,401.52,144.9435,49.91,0.964,232.34,1.876,395.52,93.1978,49.89,0.888,232.38,0.805,176.95,200.6679,50.15,0.971
2026-05-30 01:04:47,233.64,1.769,370.58,145.3178,49.87,0.886,226.55,2.189,446.36,89.741,49.95,0.93,234.29,0.866,188.39,198.7855,50.07,0.97
2026-05-30 01:04:51,228.62,1.776,380.11,141.2818,49.91,0.976,227.2,2.255,473.64,97.5106,49.95,0.899,235.58,1.242,285.51,196.6795,50.09,0.976
2026-05-30 01:04:55,227.96,1.679,345.44,157.3719,49.98,0.956,226.03,1.849,356.2,95.2673,49.93,0.883,230.32,1.334,303.76,200.1041,50.23,0.937
2026-05-30 01:04:59,230.13,1.66,332.32,149.4232,49.94,0.923,231.35,2.202,479.89,86.1879,49.92,0.943,232.86,1.232,262.55,204.847,50.15,0.989
2026-05-30 01:05:03,232.36,1.549,315.46,154.4327,49.96,0.97,229.53,2.366,507.13,91.627,49.74,0.945,235.65,0.608,133.46,198.4178,50.27,0.921
2026-05-30 01:05:14,230.25,1.37,278.01,157.0312,49.97,0.915,230.04,2.506,537.02,99.0553,49.76,0.903,232.09,1.107,251.31,209.8373,50.11,0.979
2026-05-30 01:05:17,229.56,1.5,298.63,159.773,50.05,0.891,224.5,3.11,601.19,86.6657,49.72,0.891,234.35,1.228,270.04,205.6904,50.01,0.959
2026-05-30 01:05:21,231.52,1.71,339.91,153.3545,50.04,0.895,232.11,3.164,636.94,93.1441,49.71,0.86,229.54,0.892,192.44,205.333,50.14,0.948
2026-05-30 01:05:25,230.43,1.563,350.8,156.9965,49.83,0.925,225.65,2.665,525.96,87.1999,50.01,0.887,231.24,0.815,174.81,202.8009,50.04,0.979
2026-05-30 01:05:29,229.8,1.735,375.35,149.9526,50.14,0.94,230.28,2.311,447.52,96.1154,49.88,0.917,229.05,0.98,204.6,207.6216,50.07,0.97
2026-05-30 01:05:33,232.93,1.516,322.58,158.621,50.15,0.924,228.9,2.971,629.22,95.6911,50.03,0.904,233.45,0.924,197.57,205.0132,50.25,0.949
2026-05-30 01:05:36,226.07,1.238,266.3,143.2112,49.87,0.937,226.66,1.934,409.16,88.2219,50.09,0.94,230.89,0.64,134.77,198.1751,50.16,0.928
2026-05-30 01:05:40,226.16,1.79,375.12,145.3508,49.88,0.962,228.33,1.885,404.71,90.8417,50.07,0.905,230,1.449,301.51,204.8647,50.06,0.97
2026-05-30 01:05:45,226.77,1.459,287.91,158.3092,49.99,0.951,229.3,2.455,487.4,88.8489,49.8,0.913,228.73,1.309,285.45,193.6434,50.04,0.923
2026-05-30 01:05:48,227.5,1.538,333.75,150.946,49.97,0.976,227.67,1.918,390.86,97.8537,49.91,0.929,234.16,1.346,292.23,208.9112,50,0.926
2026-05-30 01:05:52,233.18,1.629,362.17,148.2189,50.17,0.93,225.84,2.572,516.25,92.1025,50.05,0.887,232,0.964,206.38,196.8138,50.02,0.947
2026-05-30 01:05:56,233.18,1.952,387.17,150.6629,49.8,0.945,225.55,2.526,477.74,95.1666,49.98,0.888,235.26,0.624,138.79,204.683,50.24,0.937
2026-05-30 01:06:01,228.68,1.629,353.56,156.6416,49.92,0.922,229.69,3.065,657.87,91.2731,49.8,0.95,233.7,1.447,319.5,197.1536,50.01,0.939
2026-05-30 01:06:05,229.36,1.236,245.26,158.8318,49.91,0.93,230.75,1.822,358.82,97.9944,49.97,0.902,233.11,0.966,205.31,206.8181,50.1,0.958
2026-05-30 01:06:08,229.26,1.872,388.89,145.0657,49.92,0.894,228.5,2.738,575.95,91.212,50.03,0.944,231.7,1.123,256.99,194.1085,50.24,0.971
2026-05-30 01:06:13,231.88,1.405,299.6,140.9719,49.91,0.915,231.52,2.329,512.3,88.5613,49.7,0.916,229.61,0.755,161.87,199.8674,50.25,0.924
2026-05-30 01:06:18,230.77,1.822,384.39,154.2143,50.09,0.907,231.05,1.873,379.66,94.5167,50.02,0.854,228.1,0.738,162.4,200.2047,50.19,0.986
2026-05-30 01:06:21,230.7,1.603,360.36,145.7393,50.07,0.93,231.94,2.248,433.6,94.9551,49.83,0.906,230.91,0.845,183.18,208.7879,50.26,0.953
2026-05-30 01:06:25,231.65,1.722,339.35,141.549,50.03,0.915,224.56,1.818,362.06,90.946,50.04,0.87,230.11,1.192,256.88,200.9564,50.15,0.99
2026-05-30 01:06:29,227.01,1.762,377.36,157.7446,50.19,0.954,225.38,3.086,618.66,94.0561,49.79,0.884,235.25,1.186,256.82,204.5345,50.06,0.959
2026-05-30 01:06:33,227.02,1.907,395.95,144.8844,49.81,0.907,227.58,2.52,538.42,87.1973,50.07,0.917,234.99,1.04,239.45,207.1054,50.09,0.944
2026-05-30 01:06:37,230.01,1.965,429.85,145.8184,50.02,0.943,225.2,2.275,443.3,86.2176,49.91,0.881,231.4,1.388,295.05,191.0304,50.16,0.964
2026-05-30 01:06:41,231.54,1.656,337.34,140.6665,50.16,0.89,227.75,1.805,358.69,92.457,49.9,0.946,232.35,1.003,215.06,205.8733,50.05,0.956
2026-05-30 01:06:45,233.29,1.401,295.65,159.2993,50.12,0.915,226.31,2.477,480.89,98.5631,49.95,0.919,234.13,0.879,197.26,204.473,50.21,0.959
2026-05-30 01:06:48,232.69,1.436,288.19,154.0725,50.11,0.913,228.61,3.187,688.27,94.9967,49.9,0.913,232.38,0.633,144.52,206.6296,50,0.975
2026-05-30 01:06:52,229.05,1.82,383.65,158.0405,49.94,0.891,232.18,2.935,609.22,92.607,49.74,0.852,231.17,1.155,245.49,202.849,50.28,0.97
2026-05-30 01:06:56,232.2,1.767,394.16,153.0222,49.87,0.896,232.45,2.462,479.7,87.9446,49.81,0.928,229.11,1.133,246.62,197.9439,50.02,0.961
2026-05-30 01:07:00,229.75,1.532,343.92,144.1932,50.12,0.924,228.24,2.19,473.61,95.7616,50.1,0.933,234.85,0.879,187.75,191.6011,50.23,0.981
2026-05-30 01:07:04,230.83,1.6,356.87,141.2685,50.11,0.935,224.84,1.817,352.27,95.86,49.74,0.901,229.17,0.824,171.33,192.3024,50.12,0.94
2026-05-30 01:07:08,226.76,1.272,271.37,152.3049,49.94,0.899,227.82,2.509,529.69,96.4938,49.89,0.905,228.84,0.828,176.7,191.3882,50.08,0.989
2026-05-30 01:07:12,233.27,1.811,382,153.7743,49.83,0.961,224.14,3.051,613.54,97.4504,49.87,0.883,231.19,0.984,221.28,205.8059,50.01,0.974
2026-05-30 01:07:15,231.24,1.466,292.85,147.9451,50.06,0.921,227.67,2.567,528.18,90.0066,49.93,0.851,230.51,1.424,317.85,197.8056,50.02,0.983
2026-05-30 01:07:19,233.86,1.687,339.63,151.739,50.02,0.936,224.24,3.099,617.41,91.0835,50.06,0.917,233.85,1.492,331.17,205.2968,50.18,0.955
2026-05-30 01:07:22,228.12,1.325,268.42,144.536,50.2,0.903,231,2.777,613.54,93.4412,49.85,0.93,230.1,1.007,223.54,193.3895,50.14,0.979
2026-05-30 01:07:26,231.61,1.606,351.16,149.8001,50.11,0.902,228.29,2.929,582.12,99.5343,49.79,0.864,234.38,0.925,202.45,204.7758,50.26,0.974
2026-05-30 01:07:29,228.61,1.644,360.49,154.8455,49.84,0.929,232.06,2.157,429.29,85.6189,50.02,0.896,233.31,1.37,299.23,191.8138,50.29,0.923
2026-05-30 01:07:33,233.2,1.546,325.27,142.1132,49.93,0.933,225,2.853,615.55,93.9115,49.73,0.86,233.61,1.375,316.22,203.996,50.21,0.921
2026-05-30 01:07:36,228.19,1.689,350.94,149.5163,50.1,0.96,224.99,2.847,580.43,89.2624,50.08,0.859,230.44,1.242,268.82,194.8314,50.25,0.971
2026-05-30 01:07:40,226.82,1.226,243.6,157.6677,49.87,0.97,228.24,2.577,548.81,89.2353,49.94,0.894,232.92,0.842,177.23,198.6571,50.11,0.966
2026-05-30 01:07:44,232.6,1.826,382.09,141.5282,49.82,0.942,232.86,2.612,526.67,88.8011,49.92,0.908,233.75,0.685,155.13,194.8942,50.25,0.958
2026-05-30 01:07:47,228.96,1.813,367.44,140.6775,49.94,0.96,232.14,2.137,416.14,86.9061,49.87,0.923,230.95,1.197,248.78,203.465,50.21,0.967
2026-05-30 01:07:51,228.98,1.513,323.83,153.1682,50.18,0.972,232.19,2.859,563.81,95.2819,49.76,0.852,228.81,0.822,182.33,199.2879,50.13,0.943
2026-05-30 01:07:54,230.6,1.287,270.44,142.7415,49.81,0.954,227.85,3.078,615.39,90.1811,50.05,0.906,229.06,1.334,297.22,191.5713,50.04,0.923
2026-05-30 01:07:58,229.79,1.205,240.64,149.8337,49.9,0.928,229.99,1.842,366.29,86.5127,50.02,0.866,235.47,1.259,292.67,201.291,50.21,0.945
2026-05-30 01:08:01,231.3,1.254,253.84,153.8856,50.04,0.892,230.52,3.193,672.54,88.0761,49.96,0.945,235.93,1.269,284.02,206.3275,50.05,0.977
2026-05-30 01:08:05,232.04,1.437,311.55,159.5828,50.15,0.95,226.82,2.709,509.3,87.5042,49.72,0.85,233.69,0.653,144.16,203.4334,50.08,0.947
2026-05-30 01:08:08,226.92,1.638,325.29,143.7066,50.01,0.919,231.91,2.496,545.99,99.3871,49.84,0.895,235.62,1.44,315.46,207.69,50.12,0.988
2026-05-30 01:08:12,226.52,1.218,255.07,152.653,49.89,0.91,226.46,2.067,397.05,96.1843,50.02,0.879,233.43,0.639,140.19,206.73,50.15,0.976
2026-05-30 01:08:16,230.96,1.572,339.04,145.1646,49.96,0.926,226.45,2.227,454.92,94.3282,49.97,0.911,230.28,1.035,232.17,203.2134,50.19,0.938
2026-05-30 01:08:19,231.61,1.268,279.66,141.6663,50.17,0.926,232.98,2.818,622.91,88.6616,49.94,0.919,229.72,0.689,152.33,202.75,50.02,0.925
2026-05-30 01:08:22,232.9,1.376,273.6,154.3297,49.88,0.893,227.62,3.125,682.28,93.9567,49.8,0.921,234.86,0.697,147.59,192.4015,50.13,0.972
2026-05-30 01:08:26,231.17,1.532,301.19,147.2711,49.93,0.9,225.97,2.676,520.41,90.4683,50.07,0.875,235.01,0.704,157.26,202.488,50.03,0.982
2026-05-30 01:08:29,228.92,1.557,340.31,159.939,49.92,0.896,225.33,3.145,605.79,95.0164,49.77,0.888,232.19,1.333,289.75,195.4241,50.28,0.974
2026-05-30 01:08:33,232.37,1.901,425.58,157.2157,49.98,0.951,225.24,1.933,415.6,94.0354,50.02,0.932,230.51,1.248,284.61,191.5059,50.11,0.944
2026-05-30 01:08:36,231.6,1.205,273.28,144.7717,50.14,0.971,230.03,2.823,567.08,89.3492,49.85,0.85,228.55,1.369,292.47,196.5875,50.01,0.938
2026-05-30 01:08:40,231.34,1.97,403.09,145.6231,50.03,0.88,232.53,2.594,563.95,95.5644,49.88,0.88,230.11,1.255,274.29,192.7439,50.23,0.928
2026-05-30 01:08:43,227.33,1.719,381.34,141.2875,49.99,0.884,229.95,2.112,457.71,93.9998,49.91,0.909,228.02,0.927,208.38,204.1157,50.02,0.946
2026-05-30 01:08:47,233.48,1.634,332.68,143.9128,50.11,0.959,228.1,3.117,620.69,85.7832,50.05,0.921,232.8,0.998,212.29,207.8663,50.28,0.921
2026-05-30 01:08:50,233.72,1.418,294.17,147.5961,50.07,0.917,228.02,1.82,381.14,89.886,49.9,0.859,228.99,0.708,156.59,205.6999,50.19,0.933
2026-05-30 01:08:54,233.45,1.47,292.85,149.1848,50.04,0.92,227.22,2.332,464.03,93.3204,50.1,0.863,235.43,1.433,320.46,208.6239,50.14,0.956
2026-05-30 01:08:57,227.47,1.495,313.76,143.1599,49.81,0.97,231.43,2.646,526.58,86.4501,49.85,0.878,234.67,0.602,138.1,198.5074,50.19,0.99
2026-05-30 01:09:01,228.61,1.364,268.18,156.5236,50,0.918,230.6,2.97,645,99.5602,49.92,0.913,232.46,0.608,129.52,196.9322,50.28,0.977
2026-05-30 01:09:04,230.98,1.273,287,158.1548,50.17,0.89,225.06,2.271,472.25,89.5204,50.06,0.893,233.56,0.92,203.78,206.5706,50.29,0.965
2026-05-30 01:09:07,232.12,1.251,273.47,157.3427,50.15,0.956,228.32,2.822,572.15,94.5718,49.88,0.925,229.74,1.276,275.14,192.8774,50.01,0.974
2026-05-30 01:09:11,226.31,1.734,383.62,151.9861,49.82,0.928,232.56,1.801,379.25,97.4627,49.93,0.904,235.86,0.932,212.74,199.7605,50.05,0.99
2026-05-30 01:09:14,227.81,1.853,384.28,156.8705,49.95,0.891,232.07,2.563,562.85,94.7599,49.94,0.869,230.07,1.021,221.96,190.9607,50.04,0.979
2026-05-30 01:09:18,231.39,1.324,271.2,154.6576,50.07,0.951,232.1,2.945,603.11,85.3657,49.79,0.893,235.29,0.719,163.01,206.7594,50.18,0.938
2026-05-30 01:09:21,231,1.402,288.07,141.3802,49.85,0.966,229,2.409,509.11,92.3208,49.71,0.933,230.23,1.158,256.05,203.8516,50.1,0.922
2026-05-30 01:09:25,233.38,1.858,417.01,142.1946,49.98,0.925,230.86,1.811,385.26,99.1029,50.06,0.879,228.82,1.098,229.21,196.6089,50.02,0.982
2026-05-30 01:09:28,231.46,1.663,356.31,151.3,50.07,0.883,232.61,2.87,592.97,94.0099,49.76,0.906,234.51,1.008,217.67,206.3739,50.09,0.989
2026-05-30 01:09:32,232.13,1.877,414.34,159.3101,50.15,0.898,224.48,2.101,413.6,88.8515,49.73,0.941,235.39,0.953,220.05,193.0949,50.23,0.965
2026-05-30 01:09:35,233.13,1.886,426.88,141.0693,49.83,0.895,232.29,2.674,527.16,86.6565,49.83,0.937,235.76,1.089,248.36,205.7548,50.02,0.947
2026-05-30 01:09:38,227.41,1.356,289.8,145.9799,50.07,0.927,226.37,3.086,608.36,91.635,50.03,0.862,230.98,1.375,312,202.9409,50.1,0.947
2026-05-30 01:09:42,227.89,1.738,376.1,150.7552,50.12,0.964,227.45,1.977,420.51,91.9203,50.08,0.9,232.63,1.101,246.53,200.7899,50.14,0.944
2026-05-30 01:09:45,229.8,1.94,389.16,147.8223,49.82,0.896,224.18,2.324,440.23,85.4356,49.97,0.867,235.51,0.718,154.55,197.287,50.29,0.959
2026-05-30 01:09:49,227.82,1.412,312.59,146.6289,50.05,0.885,231.65,2.45,532.91,97.0613,50.06,0.899,229.45,1.075,241.07,203.471,50.23,0.969
2026-05-30 01:09:53,228.27,1.996,387.9,142.0096,49.95,0.903,228.54,3.093,624.99,89.1276,49.71,0.883,235.94,1.086,245.46,195.697,50.04,0.94
2026-05-30 01:09:56,229.62,1.821,409.35,144.5706,49.96,0.924,232.21,2.269,450.58,85.7762,50.1,0.873,232.05,0.918,194.97,209.5785,50.11,0.953
2026-05-30 01:10:00,227.99,1.67,329.83,159.7144,50.04,0.937,227.69,2.393,512.94,99.3243,49.73,0.894,232.61,1.207,271.81,206.4496,50.26,0.987
2026-05-30 01:10:03,228.99,1.407,315.46,154.8929,49.82,0.886,231.41,3.071,655.17,95.2122,49.8,0.878,231.49,1.27,267.81,193.801,50.12,0.975
2026-05-30 01:10:07,232.47,1.75,350.33,151.0027,49.95,0.98,231.5,2.284,445.22,90.176,49.73,0.909,233.38,1.371,310.8,193.0503,50.12,0.959
2026-05-30 01:10:11,229.28,1.428,282.24,150.1005,50.08,0.961,232.5,2.841,629.95,90.1706,49.92,0.909,231.35,0.789,170.03,199.7417,50.22,0.938
2026-05-30 01:10:14,233.85,1.853,405.82,155.5524,49.81,0.946,231.2,2.349,464.41,90.4237,49.88,0.906,231.96,1.37,313.18,194.4472,50.19,0.97
2026-05-30 01:10:18,226.03,1.866,393.29,154.2879,49.83,0.953,225.68,1.876,385.65,90.857,50.09,0.876,232.41,0.775,172.11,190.3253,50.01,0.986
2026-05-30 01:10:21,229.29,1.696,345.78,157.6313,49.89,0.942,232.35,2.305,477.58,91.9219,49.72,0.916,229.42,0.703,154.01,207.2299,50.28,0.954
2026-05-30 01:10:25,233.61,1.424,302.68,145.6554,49.92,0.913,231.12,2.692,559.42,86.78,49.88,0.855,228.12,1.381,302.49,208.6044,50.19,0.968
2026-05-30 01:10:28,228.87,1.864,389.67,158.9176,50.15,0.924,228.07,2.914,614.07,97.5417,49.92,0.942,233.67,1.271,274.86,195.5468,50.18,0.928
2026-05-30 01:10:32,227.28,1.569,327.14,158.0266,49.93,0.899,232.84,2.234,448.33,93.0997,49.95,0.939,233.1,0.841,185.13,205.4861,50.03,0.951
2026-05-30 01:10:43,231.4,1.415,311,153.3214,49.85,0.942,227.64,2.268,467.27,97.8621,50.05,0.936,233.12,1.475,332.21,205.265,50.16,0.975
2026-05-30 01:10:46,226.08,1.748,376.59,159.9104,49.94,0.944,232.73,1.911,394.36,95.4707,49.81,0.879,228.57,0.705,150.8,194.2869,50.3,0.954
2026-05-30 01:10:49,226.3,1.306,257.75,148.1648,50.05,0.899,226.72,1.841,373.75,92.753,49.96,0.921,232.7,1.161,259.43,190.3507,50.26,0.975
2026-05-30 01:10:53,233.81,1.711,346.57,142.9916,50.14,0.898,226.86,2.138,448.58,95.8228,49.75,0.855,233.12,1.438,328.94,190.3622,50.29,0.968
2026-05-30 01:10:56,229.77,1.923,415.21,150.454,49.9,0.943,227.14,2.502,497.48,90.8904,50.1,0.921,235.22,1.262,277.96,193.3635,50.07,0.953
2026-05-30 01:11:00,231.34,1.561,342.94,152.7034,50.18,0.96,228.84,2.646,518.6,94.7746,50.08,0.901,228.93,1.457,320.93,204.1478,50.23,0.957
2026-05-30 01:11:03,230.12,1.424,307.24,154.2059,50.19,0.904,225.74,2.118,418.11,86.5846,49.76,0.854,234.56,1.288,290.19,209.2121,50.01,0.936
2026-05-30 01:11:07,229.48,1.262,248.55,158.3788,49.96,0.882,232.58,2.573,547.77,87.1113,49.83,0.877,233.3,0.876,201.48,191.1138,50.22,0.983
2026-05-30 01:11:10,233.11,1.421,309.75,153.3447,49.82,0.933,231.39,2.068,452.66,85.3164,49.76,0.942,233.21,1.097,239.88,193.8502,50.22,0.962
2026-05-30 01:11:14,231.55,1.654,333.71,141.4506,49.83,0.951,229.04,1.892,401.52,87.6774,49.92,0.872,234.68,0.728,165.56,191.8939,50.16,0.934
2026-05-30 01:11:17,233.83,1.745,380.72,148.1561,49.93,0.891,225.91,2.743,564.92,94.5854,49.99,0.946,229.56,1.011,209.2,192.0916,50.26,0.974
2026-05-30 01:11:21,227.39,1.311,276.44,144.8928,49.95,0.906,226.13,1.828,380.36,86.9563,49.74,0.856,229.7,1.336,298.79,194.24,50.11,0.958
2026-05-30 01:11:24,233.57,1.562,310.33,153.1316,50.08,0.904,232.68,2.614,517.58,94.0465,49.86,0.883,230.05,0.957,217.03,195.4694,50.11,0.977
2026-05-30 01:11:27,233.56,1.745,376.44,146.1135,49.84,0.941,224.02,2.998,592.34,97.1688,49.95,0.884,230.16,0.876,196.96,193.7362,50.07,0.959
2026-05-30 01:11:31,231.81,1.792,356.76,152.704,50.18,0.884,229.47,2.835,623.66,95.0976,49.86,0.889,229.1,0.864,187.6,192.6948,50.05,0.955
2026-05-30 01:11:34,230.35,1.895,423.09,140.0121,49.95,0.918,226.58,2.607,563.52,94.5621,50.05,0.881,231.39,1.363,309.42,209.1739,50.22,0.954
2026-05-30 01:11:38,227.34,1.723,361,151.8361,49.92,0.911,231.7,2.737,577.06,95.1142,50.08,0.906,229.35,1.382,311.84,207.9654,50.19,0.932
2026-05-30 01:11:41,231.33,1.461,314.09,141.8523,49.96,0.92,228.66,2.979,591.24,85.1021,50.05,0.898,235.61,1.175,254.22,203.1048,50.12,0.927
2026-05-30 01:11:45,231.37,1.677,345.68,149.8963,50.08,0.979,224.49,2.12,431.11,93.0431,50.05,0.881,234.48,0.652,142.92,191.824,50.22,0.973
2026-05-30 01:11:48,232.68,1.407,303.16,145.1958,49.83,0.925,228.74,2.891,622.05,87.57,49.96,0.89,235.8,0.728,169.13,200.0357,50.11,0.927
2026-05-30 01:11:52,232.76,1.408,292.59,144.8375,49.99,0.906,230.11,2.797,538.62,86.5086,49.74,0.875,235.37,1.127,245.61,207.9626,50.07,0.93
2026-05-30 01:11:56,230.45,1.747,385.04,141.9266,50.06,0.948,226.08,2.258,428.86,94.4276,50.08,0.858,231.44,0.664,140.68,207.2065,50.12,0.944
2026-05-30 01:12:00,228.06,1.459,298.1,143.6808,49.88,0.967,226.92,2.523,479.93,96.8674,49.78,0.945,229.49,1.298,289.27,196.0284,50.2,0.96
2026-05-30 01:12:03,227.95,1.544,325.23,152.2328,49.95,0.932,230.08,2.712,572.49,95.0928,49.94,0.885,232.05,1.313,299.77,192.4862,50.12,0.97
2026-05-30 01:12:07,232.07,1.835,404.49,144.5125,49.9,0.911,225.57,2.482,486.07,92.4636,49.88,0.945,233.77,1.426,313.75,199.4394,50.1,0.977
2026-05-30 01:12:10,232.67,1.518,308.05,153.9296,50.05,0.936,230.5,2.543,552.05,96.5757,50.02,0.928,231.54,1.474,325.72,190.0356,50.12,0.982
2026-05-30 01:12:14,230.9,1.503,321.55,150.3685,49.94,0.961,228.47,2.015,433.93,98.4471,49.98,0.878,233.74,0.744,162.7,197.7704,50.3,0.936
2026-05-30 01:12:17,229.91,1.397,286.15,152.4127,50.12,0.915,226.68,2.788,568.14,91.4735,49.8,0.895,235.75,1.025,233.32,198.5788,50.03,0.964
2026-05-30 01:12:22,226.25,1.539,302.09,157.5525,50.13,0.89,230.19,3.115,631.24,95.998,49.89,0.895,228.88,1.164,259.09,209.0729,50.21,0.984
2026-05-30 01:12:26,232.33,1.569,321.49,152.0194,50.16,0.892,226.4,2.95,583.11,93.1485,49.87,0.868,234.24,1.023,232.32,202.4997,50.21,0.936
2026-05-30 01:12:29,233.91,1.75,363.74,145.7966,50.15,0.923,230.19,1.965,373.97,90.3692,49.87,0.864,232.14,0.931,200.22,195.9571,50.04,0.943
2026-05-30 01:12:34,232.71,1.24,280.57,150.7042,49.88,0.909,231.14,2.532,526.34,94.7102,49.97,0.899,231.5,0.63,136.77,196.5642,50.08,0.962
2026-05-30 01:12:38,230.03,1.669,366.36,154.9918,49.94,0.918,228.37,3.164,680.59,93.4118,49.79,0.894,232.15,0.97,214.27,190.868,50.25,0.946
2026-05-30 01:12:42,228.56,1.561,327.97,142.986,50.11,0.924,227.41,3.179,635.09,87.2836,50.07,0.917,233.85,0.875,199.76,205.172,50.15,0.968
2026-05-30 01:12:46,231.6,1.519,330.77,146.1335,49.99,0.891,225.42,2.63,549.17,94.9799,49.83,0.929,230.23,0.696,154.22,193.7222,50.15,0.974
2026-05-30 01:12:50,230.25,1.255,267.29,156.9809,49.81,0.911,224.88,3.12,625.9,87.7622,49.79,0.878,230.97,0.625,139.59,190.654,50.26,0.921
2026-05-30 01:12:53,226.55,1.364,288.42,148.6216,49.86,0.934,230.67,2.416,521.62,85.065,49.99,0.896,230.69,1.034,220.3,193.7634,50.22,0.967
2026-05-30 01:12:58,227.07,1.522,297.84,150.8699,50.15,0.917,225.91,1.962,414.32,85.1005,49.78,0.926,229.51,0.825,180.24,195.2758,50.22,0.952
2026-05-30 01:13:01,226.12,1.843,397.11,140.2287,50.15,0.952,227.31,3.138,593.88,92.6748,50.05,0.936,235.82,0.763,169.53,203.2144,50.18,0.942
2026-05-30 01:13:05,228.42,1.62,358.94,147.589,49.83,0.899,227.39,2.577,543.41,95.7144,50.09,0.876,228.1,0.904,186.54,209.7272,50.04,0.975
2026-05-30 01:13:08,233.47,1.994,412.51,149.5907,50.04,0.963,225.12,2.25,417,96.3759,49.79,0.913,229.54,1.33,276.96,199.7062,50.1,0.941
2026-05-30 01:13:12,227.32,1.465,325.04,152.8204,49.88,0.888,225.06,2.058,381.01,87.3042,49.97,0.919,229.39,1.293,277.81,196.217,50.12,0.988
2026-05-30 01:13:16,233.91,1.394,284.37,144.5504,49.94,0.96,227.6,1.947,381.15,91.3658,49.9,0.935,231.91,1.449,330.32,204.2217,50.28,0.976
2026-05-30 01:13:20,232.12,1.981,414.3,152.5729,50.02,0.915,228.38,2.816,593.76,92.7967,50.05,0.858,232.73,0.619,135.89,203.2485,50.27,0.952
2026-05-30 01:13:24,232.66,1.664,335.49,153.989,49.87,0.947,228.17,2.032,429.51,96.8543,49.91,0.946,235.09,0.794,179.91,197.3869,50.11,0.98
2026-05-30 01:13:28,231.86,1.44,310.75,157.3029,50.02,0.881,228.81,3.12,596,86.094,50,0.911,234.66,1.419,308.61,194.678,50.23,0.924
2026-05-30 01:13:31,227.16,1.475,322.61,156.4444,49.8,0.972,229.52,2.818,592.14,88.1821,49.97,0.93,228.78,1.324,279.52,194.1249,50.26,0.976
2026-05-30 01:13:36,227.53,1.976,406.04,156.0465,50.05,0.909,230.23,2.902,568.05,91.3176,49.87,0.867,230.49,1.492,321.46,196.6243,50.02,0.942
2026-05-30 01:13:39,233.37,1.253,271.58,155.4446,50,0.92,224.63,2.284,485.45,96.4198,49.96,0.877,231.67,1.41,318.88,207.7954,50.08,0.988
2026-05-30 01:13:42,233.77,1.931,426.19,154.024,49.86,0.895,226.31,2.529,535.11,88.7766,49.96,0.916,235.03,1.167,260.52,196.3519,50.3,0.934
2026-05-30 01:13:46,227.24,1.888,411.36,157.0701,50.03,0.906,229.53,1.999,415.4,96.5194,50.09,0.901,228.83,1.04,228.97,200.2951,50.3,0.957
2026-05-30 01:13:49,229.41,1.311,269.75,148.8884,49.94,0.962,224.45,2.212,414.15,90.4626,50.02,0.942,235.59,0.99,220.65,196.2372,50.19,0.934
2026-05-30 01:13:53,230.39,1.244,245.48,145.6136,50.13,0.965,224.64,2.317,431.83,85.5157,49.87,0.851,235.87,1.428,331.06,191.3707,50.08,0.928
2026-05-30 01:13:56,229.41,1.817,369.43,152.4125,50.11,0.92,230.76,3.021,619.7,97.7022,49.83,0.907,229.48,0.801,172.69,196.1994,50.05,0.979
2026-05-30 01:14:00,230.63,1.845,408.32,141.2905,50.11,0.904,225.4,2.378,497.34,99.845,49.77,0.925,235.61,1.43,326.56,192.0012,50.04,0.962
2026-05-30 01:14:03,233.18,1.474,316.07,153.5294,49.81,0.975,230.81,2.225,455.49,97.401,49.72,0.853,230.07,0.776,174.3,205.8369,50.03,0.958
2026-05-30 01:14:07,228.72,1.861,401.78,149.282,50.12,0.905,224.85,2.545,471.66,86.9093,50,0.865,229.35,0.826,181.19,192.1607,50.13,0.972
2026-05-30 01:14:10,226.91,1.673,332.76,151.5472,49.87,0.943,228.71,1.898,410.44,97.1099,50.07,0.854,234.16,0.767,169.85,202.0312,50.12,0.969
2026-05-30 01:14:14,227.32,1.982,418.36,147.3931,50.15,0.94,228.83,3.065,603.05,86.4497,50.03,0.946,228.76,0.797,165.5,196.5593,50.17,0.936
2026-05-30 01:14:17,229.41,1.967,394.14,159.4575,49.81,0.968,227.85,2.465,495.56,87.0286,49.88,0.916,231.25,1.356,303.26,190.2131,50.22,0.954
2026-05-30 01:14:21,228.08,1.905,406.66,151.0043,49.91,0.913,224.74,2.178,421.05,95.8411,50.09,0.882,232.17,0.803,176.33,201.4339,50.05,0.943
2026-05-30 01:14:24,229.16,1.966,394.58,158.4295,50.02,0.961,226.96,2.188,459.91,96.9588,49.95,0.927,235.92,0.838,190.08,190.6285,50.11,0.944
2026-05-30 01:14:28,229.31,1.378,307.19,144.1741,49.88,0.929,224.73,3.119,574.99,94.9169,49.74,0.867,234.1,1.326,294.2,203.2039,50.08,0.968
2026-05-30 01:14:31,230.48,1.736,380.58,154.5757,49.95,0.921,230.16,2.372,479.93,95.7208,49.87,0.896,231.58,0.67,153.54,198.4915,50.17,0.928
2026-05-30 01:14:35,230.11,1.384,306.76,144.1484,49.98,0.899,226.09,1.858,366.76,99.6347,49.9,0.925,230.04,1.44,316.95,200.9977,50.11,0.95
2026-05-30 01:14:38,228.49,1.898,406.94,142.8491,49.84,0.962,225.75,1.91,395.7,97.6289,50.07,0.896,230.34,1.078,239.54,192.8901,50.03,0.932
2026-05-30 01:14:41,226.94,1.567,347.36,145.9966,49.98,0.966,227.19,1.951,412.64,91.7219,49.82,0.901,231.8,0.778,174.96,197.3635,50.18,0.943
2026-05-30 01:14:45,232.79,1.93,424.27,141.0708,49.94,0.927,226.47,3.107,624.72,99.4759,49.89,0.87,232.16,1.376,312.93,197.3722,50.14,0.956
2026-05-30 01:14:48,229.73,1.562,310.86,150.2753,50.05,0.952,228.57,3.14,631.23,86.2855,49.75,0.896,233.92,0.947,212.83,204.4239,50.1,0.947
2026-05-30 01:14:52,226.88,1.253,254.48,155.142,50.07,0.904,228.7,2.696,552.73,93.2632,49.98,0.856,232.81,1.029,219.03,198.0078,50.12,0.976
2026-05-30 01:14:55,229.97,1.584,318.84,147.3181,50.18,0.909,229.19,2.399,484.92,98.363,49.76,0.933,230.16,1.334,282.03,197.0685,50.13,0.974
2026-05-30 01:14:59,231,1.286,283.3,154.3808,49.89,0.909,226.19,1.884,358.34,93.5543,50.06,0.884,235.6,1.462,317.68,203.5275,50.18,0.975
2026-05-30 01:15:02,228.57,1.231,274.17,156.3364,49.89,0.901,224.54,1.969,365.43,87.1929,49.94,0.895,235.68,1.09,251.76,201.8565,50.18,0.983
2026-05-30 01:15:06,227.82,1.304,259.83,147.2776,50.05,0.964,232.32,2.994,642.45,96.2912,49.83,0.853,231.07,1.098,246.83,195.8064,50.23,0.953
2026-05-30 01:15:09,229.93,1.508,338.48,156.2453,50.19,0.969,227.15,3.007,628.64,99.0483,49.94,0.923,232.6,1.006,213.26,191.4641,50.2,0.958
2026-05-30 01:15:13,233.13,1.778,399.49,149.5391,49.93,0.927,224.48,3.179,628.13,89.9662,49.7,0.862,228.94,0.948,202.73,203.5812,50.26,0.968
2026-05-30 01:15:16,226.69,1.323,284.75,158.5822,50.02,0.916,229.98,2.108,414.77,90.3626,49.86,0.926,231.49,1.094,239.44,200.4488,50.1,0.988
2026-05-30 01:15:20,229.95,1.758,350.29,157.3111,49.85,0.89,230.2,2.154,424.69,87.0907,49.81,0.857,233.55,0.949,202.92,200.5016,50.11,0.93
2026-05-30 01:15:23,231.94,1.285,264.81,141.2858,49.85,0.974,230.85,2.349,516.96,89.4918,49.88,0.936,229.62,0.626,141.06,198.2381,50,0.975
2026-05-30 01:15:27,230.71,1.83,361.79,150.0197,50.18,0.933,224.97,2.923,608.78,96.6965,50.05,0.889,233.06,0.623,134.51,208.9756,50.13,0.957
2026-05-30 01:15:30,230.84,1.779,352.82,144.7366,49.96,0.949,226.38,2.928,631.58,85.3783,49.91,0.857,230.69,0.705,158.61,207.114,50.14,0.922
2026-05-30 01:15:34,229.93,1.861,371.25,151.6667,50.15,0.919,230.15,3.099,622.26,96.5937,49.97,0.879,229.86,1.01,215.32,197.6172,50.15,0.973
2026-05-30 01:15:37,226.36,1.445,291.75,146.01,50.08,0.955,228.25,2.128,440.63,86.0963,49.75,0.921,233.38,0.729,167.3,191.563,50.07,0.925
2026-05-30 01:15:41,228,1.546,328.27,159.5695,49.98,0.961,227.97,2.438,520.64,94.1654,50.1,0.856,230.73,0.739,160.19,190.961,50.07,0.96
2026-05-30 01:15:44,226.99,1.286,275.56,149.2603,49.81,0.901,225.4,2.278,486.43,93.4835,49.88,0.919,230.04,0.751,160.77,192.5635,50.11,0.959
2026-05-30 01:15:48,228.23,1.283,259.53,158.3576,50.11,0.969,224.64,3.107,611.05,96.7129,49.93,0.903,233.08,0.976,214.11,208.0306,50.05,0.925
2026-05-30 01:15:51,229.86,1.276,281.51,152.1814,49.9,0.89,232.54,2.758,565.07,90.9944,49.74,0.92,231.51,1.485,337.66,194.2788,50.09,0.947
2026-05-30 01:15:55,230.87,1.226,244.25,146.7738,49.83,0.938,228.54,3.073,623.87,85.8936,49.8,0.911,235.47,1.366,299.19,197.3121,50.3,0.941
2026-05-30 01:15:58,227.18,1.707,363.61,159.7876,50,0.901,231.08,1.829,352.49,88.5348,50.05,0.883,230.69,1.226,266.03,194.9151,50.12,0.988
2026-05-30 01:16:01,232.98,1.694,360.26,156.4714,50.06,0.941,224.74,2.944,605.47,99.5257,49.91,0.903,228.73,1.339,279.15,208.4536,50.15,0.956
2026-05-30 01:16:05,229.01,1.751,352.82,142.4323,49.86,0.888,230.94,2.179,422.58,95.3711,49.73,0.854,230.77,1.072,222.68,206.8804,50.11,0.982
2026-05-30 01:16:08,230.5,1.528,314.66,154.6326,50.05,0.979,229.62,2.465,498.11,92.4419,49.97,0.944,232.85,0.959,218.49,206.5341,50.07,0.962
2026-05-30 01:16:12,228.55,1.38,292.84,155.45,50.06,0.937,230.27,3.147,631.52,95.6392,49.92,0.931,230.92,1.138,239.44,196.8588,50.19,0.927
2026-05-30 01:16:15,228.35,1.559,341.28,142.4367,50.18,0.945,226.49,2.757,568.74,86.9957,49.99,0.947,235.05,1.31,293.95,205.4913,50.14,0.94
2026-05-30 01:16:20,229.69,1.72,381.22,148.1436,50.1,0.944,228.22,2.961,642.95,99.4773,50.03,0.921,230.38,1.479,311.34,190.7883,50.15,0.96
2026-05-30 01:16:23,231.58,1.903,426.75,152.6055,49.86,0.97,231.46,2.787,575.67,91.2231,49.79,0.91,231.19,0.737,167.57,206.6671,50.03,0.939
2026-05-30 01:16:27,231.92,1.549,344.33,159.1646,49.98,0.965,226.78,2.014,378.63,87.2777,49.84,0.851,235.45,0.934,214.16,191.8448,50.23,0.952
2026-05-30 01:16:30,230.52,1.575,353.79,141.0965,49.84,0.907,232.74,2.966,598.9,89.41,49.89,0.924,234.38,1.206,272.35,190.1172,50.09,0.928
2026-05-30 01:16:34,230.94,1.871,386.05,146.1816,49.83,0.943,230.73,1.962,433.56,91.0444,50.09,0.893,230.18,0.671,146.64,203.765,50.07,0.987
2026-05-30 01:16:37,233.07,1.645,366.22,145.779,49.81,0.972,224.83,2.077,432.78,90.5016,50.08,0.931,232.95,0.723,164.13,193.6933,50.29,0.951
2026-05-30 01:16:41,232.35,1.746,378.69,145.4501,50.06,0.931,227.34,1.809,369.62,89.9051,50.01,0.942,230.13,1.353,291.97,191.3826,50.1,0.977
2026-05-30 01:16:44,234,1.808,395.59,158.8483,50.13,0.911,230.32,2.191,438.74,93.4551,49.79,0.943,232.76,1.39,304.05,200.3385,50.13,0.939
2026-05-30 01:16:48,226.37,1.949,375.12,148.9589,50.08,0.952,231.08,2.235,439.28,92.7136,49.77,0.903,228.62,1.275,288.51,190.5463,50.27,0.965
2026-05-30 01:16:51,233.27,1.949,391.81,154.408,49.93,0.922,228.88,1.844,399.28,99.6037,49.76,0.922,229.49,0.618,134.58,208.3728,50.28,0.94
2026-05-30 01:16:54,226.05,1.586,351.12,142.3032,49.85,0.921,225.47,3.053,652.94,95.6989,49.81,0.949,232.26,0.827,188.21,206.6825,50.14,0.947
2026-05-30 01:16:58,229.32,1.621,336.17,156.4132,50.13,0.954,229.11,2.364,517.45,95.7104,49.76,0.858,235.21,0.779,165.37,191.3825,50.07,0.986
2026-05-30 01:17:01,226.47,1.643,358.13,155.2626,50.16,0.884,230.54,2.545,525.36,91.8725,49.91,0.869,229.65,1.025,221.25,191.1829,50.14,0.939
2026-05-30 01:17:05,227.88,1.966,426.56,146.4529,49.95,0.893,229.14,2.258,441.84,94.8268,50.04,0.886,228.06,0.917,200.58,209.4593,50.26,0.924
2026-05-30 01:17:08,227.12,1.495,327.08,159.507,49.96,0.98,228.85,2.083,407.54,97.5789,49.7,0.856,233.77,1.417,299.97,192.9151,50.15,0.945
2026-05-30 01:17:12,232.67,1.803,370.24,159.5699,49.87,0.909,231.73,2.645,570.25,90.1105,50.05,0.895,229.77,0.981,203.7,194.2719,50.07,0.943
2026-05-30 01:17:15,232.51,1.807,357.83,153.834,49.99,0.883,224.01,2.961,606.37,91.232,49.98,0.878,231.17,0.917,191.85,192.589,50.11,0.933
2026-05-30 01:17:19,229.4,1.6,348.16,155.2422,50.19,0.922,224.32,2.614,523.44,97.5428,50.02,0.914,232.75,0.874,184.29,195.0538,50.2,0.925
2026-05-30 01:17:22,229.12,1.202,244.18,145.8221,50.15,0.894,230.57,2.662,551.63,89.1236,49.86,0.869,232.79,0.954,215.55,202.6754,50.01,0.93
2026-05-30 01:17:26,230.68,1.803,380.3,156.7915,49.89,0.907,228.43,1.808,375.4,94.3707,50.03,0.91,229.71,1.254,271.75,194.5706,50.3,0.979
2026-05-30 01:17:29,229.52,1.66,350.26,157.1437,50.17,0.898,232.68,2.572,519.36,93.8616,49.89,0.903,233.15,1.313,299.14,204.7613,50.11,0.928
2026-05-30 01:17:33,227.36,1.988,420.75,153.4321,49.81,0.921,229.09,3.106,654.01,98.3298,49.73,0.88,229.78,1.213,261.17,191.7069,50.2,0.987
2026-05-30 01:17:43,233.88,1.863,425.24,142.5327,50.18,0.923,224.61,1.895,386.42,96.2876,49.85,0.892,228.9,1.356,299.9,202.7263,50.25,0.979
2026-05-30 01:17:47,226.36,1.815,366.15,148.5772,49.98,0.891,231.72,3.011,629.03,95.5047,50.02,0.892,228.04,1.355,288.34,201.4284,50.24,0.921
2026-05-30 01:17:51,231.08,1.524,337.72,152.3624,50.12,0.92,227.28,2.215,463.34,94.4015,50.07,0.898,228.8,0.73,155.1,192.1661,50.03,0.93
2026-05-30 01:17:54,228.75,1.345,300.7,146.8621,50.15,0.885,225.7,2.822,567.42,88.6927,49.9,0.865,233.24,1.392,310.17,208.8518,50.2,0.973
2026-05-30 01:17:58,230.78,1.501,298.68,143.3138,50.2,0.976,232.49,2.159,453.66,96.9873,49.92,0.882,230.15,0.869,180.21,195.2003,50.08,0.929
2026-05-30 01:18:01,229.56,1.515,318.91,151.6845,50.17,0.88,230.97,1.936,384.31,98.107,49.79,0.867,229.96,0.838,189.55,194.8996,50.03,0.955
2026-05-30 01:18:04,232.69,1.425,301.95,142.1129,50.07,0.938,228.6,2.402,525.83,92.9339,49.83,0.901,230.27,0.929,209.27,196.7514,50.15,0.951
2026-05-30 01:18:08,231.25,1.286,283.55,155.069,50.01,0.883,227.13,2.665,572.99,88.1496,49.89,0.884,232.07,1.372,306.89,200.8135,50.03,0.932
2026-05-30 01:18:12,226.13,1.57,318.27,140.1006,49.97,0.898,225.95,2.927,566.46,85.3831,49.87,0.867,230.64,1.002,227.92,200.8295,50.17,0.938
2026-05-30 01:18:15,232.65,1.338,267.75,154.6494,50.02,0.909,226.45,3.038,609.14,99.8886,49.79,0.909,233.59,1.455,332.61,205.9705,50.07,0.927
2026-05-30 01:18:18,228.65,1.593,311.39,151.4152,49.99,0.959,229.96,2.226,485.71,95.8845,49.82,0.936,233.66,1.145,251.15,199.6074,50.19,0.955
2026-05-30 01:18:22,226.26,1.947,415.69,141.3273,50.02,0.946,232.94,2.52,499.41,85.499,49.72,0.885,228.47,0.862,193.24,198.9833,50.05,0.941
2026-05-30 01:18:25,232.49,1.201,258.02,144.1696,50,0.885,231.71,3.049,666.47,97.1003,49.85,0.929,233.56,1.114,242.93,208.9848,50.02,0.973
2026-05-30 01:18:29,229.39,1.384,278.75,146.0558,50.17,0.919,224.48,2.322,460,97.2497,49.71,0.888,230.83,0.649,143.36,191.2964,50.22,0.964
2026-05-30 01:18:32,229.37,1.494,329.42,157.4439,50.09,0.959,231.53,2.804,607.81,98.3428,49.93,0.924,232.23,0.719,160.6,198.8941,50.08,0.983
2026-05-30 01:18:36,227.23,1.867,399.24,143.5196,49.86,0.894,230.25,2.974,628.89,96.1987,49.85,0.923,234.49,1.297,294.74,196.4802,50.1,0.967
2026-05-30 01:18:40,227.99,1.947,389.58,144.0437,50.06,0.9,226.56,2.309,497.83,92.7174,50.09,0.888,232.7,1.287,292.33,204.4474,50.08,0.988
2026-05-30 01:18:43,228.75,1.232,244.88,158.7559,50.19,0.881,232.41,2.25,496.01,85.6155,49.77,0.946,232.79,0.822,180.31,192.0249,50,0.988
2026-05-30 01:18:47,232.52,1.73,344.72,142.7828,49.96,0.883,230.52,2.987,569.38,88.1307,50.09,0.866,230.98,0.788,179.15,198.7301,50.16,0.967
2026-05-30 01:18:51,233.66,1.853,379.37,158.9682,50.05,0.922,230.41,2.538,554.77,89.7106,49.72,0.918,233.37,1.014,226.67,209.8898,50.22,0.968
2026-05-30 01:18:54,228.7,1.835,383.85,147.5685,49.93,0.953,226.56,2.239,426.81,90.1301,49.83,0.887,232.83,0.624,136.11,207.9012,50.08,0.968
2026-05-30 01:18:58,230.88,1.22,260.51,156.5523,49.97,0.945,229.74,2.396,495.42,98.2625,49.8,0.9,228.04,1.415,299.81,198.0761,50.09,0.951
2026-05-30 01:19:02,233.37,1.609,353.75,149.8966,49.86,0.915,226.92,2.253,462.25,90.0564,49.73,0.914,235.67,0.837,187.92,209.741,50.18,0.984
2026-05-30 01:19:05,227.75,1.89,391.05,140.6396,49.86,0.923,231.94,2.703,575.63,85.0195,49.98,0.936,230.73,0.73,163.67,198.1397,50.2,0.957
2026-05-30 01:19:08,227.34,1.737,350.01,145.1364,49.82,0.949,224.38,2.419,500.01,99.9589,49.72,0.898,234.88,0.678,152.03,199.9029,50.2,0.954
2026-05-30 01:19:12,229.64,1.382,272.36,152.8613,49.99,0.933,232.05,1.802,374.92,87.5213,49.83,0.923,231.73,0.795,176.64,191.6319,50.13,0.944
2026-05-30 01:19:15,227.73,1.479,320.62,151.6284,49.96,0.896,230.24,2.375,496.63,89.7097,49.71,0.948,228.31,1.117,229.96,203.7997,50.26,0.953
2026-05-30 01:19:19,231.76,1.841,392.88,147.2132,49.9,0.937,232.21,2.16,423,99.0718,49.71,0.878,229.97,1.467,332.26,208.8669,50.07,0.975
2026-05-30 01:19:22,226.3,1.532,323.04,146.8438,49.88,0.924,226.77,1.862,379.36,86.9672,49.71,0.938,228.96,0.966,215.68,209.5219,50.14,0.974
2026-05-30 01:19:26,227.23,1.241,260.6,140.9118,50.02,0.906,229.22,2.804,590.4,89.7948,49.71,0.933,232.55,0.878,188.14,190.5359,50.19,0.961
2026-05-30 01:19:29,226.54,1.442,313.13,148.9489,50.01,0.974,232.17,1.894,380.55,94.7437,49.72,0.874,234.83,1.104,237.36,196.3172,50.03,0.971
2026-05-30 01:19:33,228.69,1.266,273.52,147.8512,50.17,0.909,224.74,2.938,633.38,94.9859,49.97,0.868,229.94,1.402,299.76,197.7714,50.23,0.951
2026-05-30 01:19:36,226.71,1.794,378.04,147.3473,49.97,0.955,231.85,2.885,625.35,85.2186,49.73,0.925,232.09,0.967,203.68,195.9115,50.14,0.966
2026-05-30 01:19:40,228.28,1.642,355.97,140.7223,50.14,0.962,225.1,3.094,654.33,92.845,50.05,0.855,235.37,1.176,251.11,206.7714,50.28,0.958
2026-05-30 01:19:43,230.39,1.858,364.27,153.7865,49.88,0.922,232.3,2.842,582.78,96.9989,50.03,0.884,230.71,1.271,284.51,195.6516,50.22,0.946
2026-05-30 01:19:46,231.62,1.813,366.75,140.6122,49.92,0.962,228.61,2.988,645.26,96.3734,50.02,0.926,232.98,1.496,317.35,193.1023,50.19,0.949
2026-05-30 01:19:50,231.44,1.562,317.48,156.7557,49.83,0.937,230.24,3.058,608.82,85.9629,49.71,0.853,234.51,1.482,343.1,201.2595,50.16,0.94
2026-05-30 01:19:53,233.89,1.399,286.11,148.4646,49.88,0.925,232.12,2.765,536.67,94.0727,49.89,0.915,234.15,1.117,250.77,196.3688,50.23,0.982
2026-05-30 01:19:57,232.44,1.857,395.48,144.6438,50.04,0.953,229.76,1.904,378.82,97.3774,49.96,0.918,229.9,1.495,311.76,193.211,50.1,0.968
2026-05-30 01:20:01,230.57,1.588,331,150.9207,49.86,0.96,225.31,2.488,523.22,89.7334,49.73,0.899,232.74,0.783,167.51,190.4748,50.08,0.969
2026-05-30 01:20:04,227.22,1.911,401.3,153.4191,49.89,0.941,231.76,2.608,540.6,85.7728,49.77,0.883,234.7,0.844,191.5,206.2404,50.26,0.97
2026-05-30 01:20:07,229.11,1.386,296.59,148.2408,49.97,0.887,231.74,2.353,486.03,90.323,50.02,0.869,230.37,0.672,141.5,194.3513,50.27,0.96
2026-05-30 01:20:11,233.76,1.321,289.89,145.2285,49.91,0.926,224.7,2.858,545.84,97.8424,50.04,0.876,230.05,1.231,262.83,209.0116,50.23,0.982
2026-05-30 01:20:15,232.21,1.454,287.36,152.7176,49.86,0.969,229.19,2.79,566.92,91.9429,50.07,0.87,235.88,0.819,177.02,192.0319,50.17,0.96
2026-05-30 01:20:19,229.78,1.891,379.68,154.3371,49.91,0.97,224.87,2.954,614.9,99.0538,49.73,0.915,230.33,1.247,275.4,193.6342,50,0.986
2026-05-30 01:20:22,226.54,1.736,359.96,154.1482,49.89,0.906,229.44,2.089,442.93,86.3678,49.94,0.871,228.35,1.105,233.17,191.0552,50.02,0.94
2026-05-30 01:20:25,226.59,1.611,336.88,140.8676,50.12,0.924,231.71,2.007,413.38,97.0874,50.02,0.93,231.36,1.293,277.15,195.1926,50.05,0.981
2026-05-30 01:20:29,232.03,1.619,362.43,159.2392,50.16,0.969,226.27,2.862,599.96,87.6221,50.05,0.931,229.2,1.36,294.5,197.9379,50.04,0.964
2026-05-30 01:20:33,227.91,1.357,265.06,150.4793,50.17,0.978,226.78,1.831,346.95,99.4828,49.75,0.896,234.27,1.094,232.14,201.5558,50.04,0.964
2026-05-30 01:20:36,227.2,1.829,363.69,151.1545,50.12,0.941,225.58,2.129,408.69,93.9438,49.86,0.95,232.54,1.174,264.55,203.7122,50.15,0.957
2026-05-30 01:20:40,229.95,1.757,358.28,143.4165,50.1,0.923,225.3,2.077,396.02,89.0658,49.74,0.894,228.3,0.945,206.33,193.6554,50.27,0.96
2026-05-30 01:20:43,227.67,1.348,296.36,142.1921,50.13,0.889,231.03,2.521,503.44,99.9083,49.77,0.896,229.93,0.732,161.72,206.6745,50.3,0.971
2026-05-30 01:20:46,226.93,1.626,337.53,146.9641,50.06,0.91,224.03,2.286,491.01,94.9878,49.76,0.884,230.73,1.175,250.49,204.1369,50.24,0.966
2026-05-30 01:20:50,232.84,1.545,332.19,156.1332,50.05,0.917,229.94,2.391,476.05,89.3184,49.8,0.931,230.34,0.627,131.05,198.9508,50.23,0.929
2026-05-30 01:20:53,232.29,1.928,383.12,152.0835,49.98,0.93,229.38,2.267,430.53,92.4884,49.87,0.87,229.38,0.701,146.57,202.9641,50.01,0.944
2026-05-30 01:20:57,230.66,1.33,279.96,156.7707,50.06,0.972,226.96,2.556,517.16,96.1927,49.74,0.927,229.71,0.809,180.36,192.9975,50.23,0.967
2026-05-30 01:21:01,231.26,1.921,433.67,151.1528,49.85,0.974,229.01,1.866,403.35,91.3448,49.89,0.868,228.95,0.726,158.48,193.8879,50.22,0.938
2026-05-30 01:21:04,230.86,1.531,310.58,144.7899,49.88,0.883,228.14,2.292,474.18,98.1244,49.94,0.924,229.39,0.735,163.85,197.218,50.08,0.976
2026-05-30 01:21:08,232.57,1.931,421.76,144.4491,49.88,0.884,228.53,3.012,641.96,90.344,49.92,0.894,231.51,0.645,140.39,193.2931,50.29,0.929
2026-05-30 01:21:12,231.99,1.8,391.54,154.887,50.19,0.913,231.18,2.711,575.7,90.9434,50.05,0.885,229.65,0.945,201.1,198.069,50.03,0.931
2026-05-30 01:21:15,227.43,1.427,279.92,154.6668,50.05,0.929,230.18,2.071,454.84,86.1092,49.81,0.86,228.19,1.092,241.02,195.7204,50.23,0.963
2026-05-30 01:21:19,232.04,1.45,320.27,145.5158,49.91,0.951,227.8,1.811,347.58,99.9008,49.72,0.943,234.58,1.035,222.56,208.4349,50.11,0.956
2026-05-30 01:21:22,231.41,1.205,242.99,158.3388,50.03,0.929,225.5,2.042,401.87,87.2843,49.81,0.935,230.29,1.092,244.96,195.9059,50.05,0.959
2026-05-30 01:21:26,232.72,1.994,425.24,159.518,50.02,0.973,232.97,2.534,549.33,99.1462,50.04,0.94,230.53,0.612,129.09,194.5824,50.16,0.986
2026-05-30 01:21:29,230.47,1.208,239.87,147.4863,49.81,0.944,228.64,2.242,472.19,88.2099,50.03,0.941,233.39,1.009,219.98,197.1006,50.22,0.922
2026-05-30 01:21:33,228.52,1.666,352.9,146.8156,50,0.923,230.19,2.112,444.65,94.7086,49.97,0.861,233.84,1.354,313.37,198.8393,50.1,0.943
2026-05-30 01:21:36,227.69,1.853,360.32,140.4836,49.89,0.957,227.2,2.493,488.29,95.0952,49.87,0.857,234.83,0.625,134.31,204.7766,50.02,0.939
2026-05-30 01:21:40,229.78,1.441,285.27,148.6039,50.09,0.929,229.63,2.108,411.87,99.4112,49.93,0.946,232.97,1.196,267.01,190.0217,50.22,0.938
2026-05-30 01:21:43,226.05,1.831,352.61,153.0321,49.91,0.884,227.13,2.002,395.7,89.8927,49.7,0.898,233.97,0.677,143.45,191.4135,50.04,0.971
2026-05-30 01:21:47,227.41,1.746,388.37,140.2467,49.82,0.954,227.23,2.995,629.94,98.6186,49.98,0.861,234.83,0.62,136.91,201.3186,50.1,0.96
2026-05-30 01:21:50,228.72,1.722,346.97,151.4493,50.12,0.953,226.4,2.486,490.02,93.2519,49.78,0.939,228.75,1.057,218.05,201.9,50.04,0.972
2026-05-30 01:21:53,232.48,1.788,376.12,156.8238,50,0.926,224.06,2.912,564.55,88.7067,49.95,0.931,230.12,1.5,310.68,192.9186,50.27,0.974
2026-05-30 01:21:57,231.91,1.462,301.59,151.8299,50.15,0.96,228.62,2.521,498.46,87.5793,49.9,0.85,231,0.689,144.99,201.7154,50.06,0.963
2026-05-30 01:22:00,233.62,1.908,414.19,145.1436,50.06,0.97,224.91,3.028,653.55,92.0835,49.84,0.92,232.25,1.416,307.64,204.9741,50.09,0.925
2026-05-30 01:22:04,228.31,1.862,385.24,157.5096,49.99,0.947,230.88,2.928,646.98,98.4951,49.85,0.884,229.2,1.478,312.17,193.9377,50.29,0.965
2026-05-30 01:22:08,227.92,1.616,321.18,147.2061,49.99,0.899,227.81,3.035,641.55,89.2722,49.75,0.908,228.94,1.402,291.68,199.4623,50.09,0.962
2026-05-30 01:22:11,230.3,1.653,363.01,157.3872,50.05,0.95,225.97,2.253,430.21,97.4063,50,0.909,234.68,1.033,236.24,199.0108,50.22,0.975
2026-05-30 01:22:15,227.72,1.754,376.62,154.1736,49.87,0.941,225.91,2.132,459.78,93.4949,49.75,0.882,229.77,0.774,167.54,203.5493,50.01,0.974
2026-05-30 01:22:18,227.11,1.592,328.25,158.354,50.06,0.909,227.92,2.756,548.92,95.256,49.75,0.949,229.57,0.654,140.16,205.5165,50.28,0.985
2026-05-30 01:22:22,232.01,1.334,299.59,151.2798,50.1,0.909,232.97,2.861,600.03,85.8092,49.77,0.891,231.69,0.76,173.22,190.4582,50.3,0.947
2026-05-30 01:22:25,226.73,1.324,255.99,150.6572,49.85,0.903,224.64,2.048,388.24,85.4897,49.87,0.868,232.22,1.083,232.1,192.4005,50.22,0.963
2026-05-30 01:22:28,228.37,1.51,331.69,159.3384,49.97,0.898,229.04,2.831,611.82,92.8498,50,0.906,231.42,1.448,319.03,196.0825,50.17,0.924
2026-05-30 01:22:32,229.21,1.885,415.1,144.1315,50.01,0.97,225.82,1.994,379.66,88.3819,50.02,0.915,228.37,1.049,224.76,193.0766,50.19,0.958
2026-05-30 01:22:35,231.78,1.336,292.58,145.7123,50.16,0.914,229.79,2.292,447.33,90.8336,49.92,0.872,228.93,1.061,224.57,190.7875,50.16,0.963
2026-05-30 01:22:39,228.59,1.869,374.36,158.2879,49.98,0.896,230.79,1.911,417.43,98.1152,49.77,0.889,230.45,1.084,242.66,207.2562,50.05,0.957
2026-05-30 01:22:43,228.7,1.735,365.39,145.7866,49.84,0.96,229.75,1.977,373.9,90.7188,50,0.862,235.67,1.445,317.07,206.0833,50.13,0.947
2026-05-30 01:22:46,231.62,1.995,444.7,155.7154,49.96,0.974,229.07,2.327,448.88,91.7447,49.99,0.942,235.95,0.697,150.74,202.0644,50.03,0.944
2026-05-30 01:22:50,231.32,1.93,411.31,144.4799,49.83,0.94,224.5,2.517,497.42,96.3822,50.06,0.92,233.55,0.687,151.9,204.5835,50.03,0.939
2026-05-30 01:22:54,227.85,1.477,317.99,144.1397,50.03,0.969,232.77,1.919,416.91,98.8647,50.09,0.9,231.65,1.076,236.49,201.3952,50.1,0.959
2026-05-30 01:22:57,232.35,1.674,369.69,155.1028,50.02,0.897,225.27,2.089,411.29,88.8764,50.1,0.878,228.26,1.475,306.1,207.051,50.14,0.927
2026-05-30 01:23:01,230.83,1.42,300.19,147.6051,49.92,0.952,232.68,3.017,584.09,91.745,50,0.882,232.91,1.059,234.54,208.8304,50.22,0.959
2026-05-30 01:23:04,232.15,1.517,306.9,157.9632,49.95,0.884,226.96,3.133,674.48,89.3682,50.01,0.899,229.88,0.856,193.1,208.6613,50.11,0.956
2026-05-30 01:23:08,231.58,1.422,281.17,142.6722,50.14,0.914,225.58,2.214,473.81,93.9299,49.77,0.873,231.69,0.978,223.49,197.3947,50.2,0.951
2026-05-30 01:23:12,228.93,1.533,342.11,159.9684,50.09,0.968,225.17,2.743,566.38,89.3159,49.71,0.895,229.76,1.232,274.15,201.6332,50.26,0.952
2026-05-30 01:23:16,231.24,1.899,416.43,152.9284,49.95,0.931,224.89,3.063,631.01,94.2255,50.09,0.864,234.29,1.41,315.52,206.2163,50.19,0.963
2026-05-30 01:23:19,232.56,1.841,418.98,143.3168,49.94,0.967,232.81,2.032,437.03,89.0764,49.96,0.946,232.46,0.903,191.07,193.7197,50.19,0.976
2026-05-30 01:23:23,232.76,1.658,328.39,146.131,49.93,0.961,228.14,2.945,639,89.3208,49.84,0.861,235.1,0.635,146.54,191.1026,50.2,0.96
2026-05-30 01:23:26,228.9,1.801,375.27,157.6226,49.8,0.979,229.68,2.08,434.22,96.2122,49.76,0.946,231.3,1.35,295.6,208.5381,50.1,0.978
2026-05-30 01:23:30,230.77,1.286,289.79,153.96,49.87,0.898,232.59,2.208,478.79,92.6644,49.86,0.889,235.81,1.453,317.37,207.8636,50.13,0.926
2026-05-30 01:23:33,229.37,1.221,243.07,143.4136,50.11,0.892,225.51,2.907,542.42,91.8372,50.05,0.862,228.89,0.623,136.36,196.8245,50.2,0.947
2026-05-30 01:23:36,229.53,1.822,378.32,154.3737,49.84,0.907,228.3,2.379,499.17,95.1343,49.93,0.864,233.26,1.004,213.55,191.4321,50.06,0.966
2026-05-30 01:23:40,233.09,1.742,394.01,159.7592,49.88,0.917,227.77,1.971,371.56,98.9816,49.87,0.915,232.46,0.976,209.48,194.8349,50.16,0.969
2026-05-30 01:23:43,232.14,1.691,342.16,158.7875,49.81,0.961,224.46,2.427,498.19,95.5181,49.83,0.948,228.33,1.258,260.81,200.1303,50.05,0.937
2026-05-30 01:23:47,229.4,1.538,303.81,143.9761,49.92,0.967,226.14,2.768,540.05,93.1195,49.97,0.897,231.06,1.325,287.65,199.0795,50.2,0.95
2026-05-30 01:23:50,226.97,1.658,323.5,156.0467,50.12,0.973,229.69,2.299,451.63,98.2752,50,0.903,232.23,1.328,282.95,194.0427,50.25,0.975
2026-05-30 01:23:54,227.23,1.738,355.09,150.7608,49.82,0.969,227.82,2.881,592.27,92.2186,50.01,0.947,230.58,0.682,145.09,200.8855,50.1,0.981
2026-05-30 01:23:57,233.25,1.252,278.99,144.6228,49.96,0.927,226.72,3.069,665.85,91.9913,49.71,0.887,232.63,1.069,244.56,201.5312,50.18,0.951
2026-05-30 01:24:01,228.14,1.328,261.61,149.5633,50.06,0.89,227.98,1.932,369.31,89.4077,50.05,0.872,233.56,1.325,282.54,198.5537,50.05,0.97
2026-05-30 01:24:04,230.07,1.263,254.29,142.0284,50.01,0.88,229.86,2.659,526.31,86.8169,50.01,0.884,228.01,1.122,246.8,190.8992,50.07,0.928
2026-05-30 01:24:08,231.17,1.366,301.52,143.8591,50.17,0.951,231.53,2.147,464.05,93.2301,49.98,0.919,234.69,1.051,232.03,190.2134,50.28,0.922
2026-05-30 01:24:11,226.68,1.291,250.04,140.1454,50.11,0.952,226.44,2.994,628.09,94.1317,49.76,0.916,228.78,1.212,265.11,197.1993,50.18,0.946
2026-05-30 01:24:15,230.45,1.338,282.43,148.2505,50.04,0.966,229.36,2.863,562.2,89.5589,50.05,0.874,228.11,1.092,241.05,199.8451,50.11,0.953
2026-05-30 01:24:18,227.22,1.868,397.71,145.9674,49.98,0.884,225.33,2.785,530.89,87.3183,50.06,0.912,229.02,0.761,162.11,208.3215,50.12,0.951
2026-05-30 01:24:22,233.43,1.437,285.26,145.3052,50.02,0.942,232.01,3.026,653.6,93.4308,49.96,0.878,233.48,1.476,334.38,206.5201,50.13,0.925
2026-05-30 01:24:26,228.46,1.357,296.68,152.5446,49.99,0.888,232.44,1.883,400.99,99.7356,49.72,0.862,230.84,1.398,313.48,199.3792,50.07,0.987
2026-05-30 01:24:29,232.4,1.891,389.24,141.5011,50.16,0.952,226.51,3.17,627.08,91.1582,49.92,0.866,234.78,1.337,299.63,197.4936,50.13,0.956
2026-05-30 01:24:33,227.56,1.797,394.91,151.742,49.92,0.9,225.81,2.587,559.98,96.6662,49.94,0.905,235.83,1,232.43,207.3811,50.03,0.987
2026-05-30 01:24:36,232.59,1.985,406.22,159.3027,50.08,0.902,224.09,1.951,408.07,94.2832,49.82,0.915,228.93,0.748,163.59,204.1626,50.2,0.933
2026-05-30 01:24:40,231.6,1.533,328.39,148.9852,49.91,0.909,228.28,3.027,644.39,95.912,49.85,0.909,235.55,1.325,294.19,203.7731,50.08,0.928
2026-05-30 01:24:43,232.79,1.685,383.89,159.2513,49.84,0.883,232.36,2.583,575.65,94.9825,49.8,0.887,228.3,0.837,173.37,200.1828,50.02,0.975
2026-05-30 01:24:47,229.8,1.655,344.9,153.1242,49.85,0.938,224.17,2.19,449.63,93.1703,49.91,0.852,234.93,1.31,289.68,191.7287,50.16,0.936
2026-05-30 01:24:50,228.29,1.361,280.72,150.6826,49.95,0.886,229.68,2.807,551.73,85.0486,50.07,0.919,231.61,1.416,312.77,206.1031,50.27,0.948
2026-05-30 01:24:53,233.96,1.828,366.64,146.422,49.88,0.91,229.98,2.627,550.99,88.0485,50.01,0.87,235.3,0.772,175.81,205.0546,50.22,0.934
2026-05-30 01:24:57,228.95,1.31,280.23,159.998,49.89,0.898,229.59,2.316,495.58,93.3221,49.74,0.873,234.02,1.174,251.89,195.6755,50.25,0.978
2026-05-30 01:25:01,233.18,1.353,304.89,146.2209,49.87,0.904,225.63,2.919,617.75,93.4747,49.86,0.869,235.13,1.314,305.02,208.5321,50.17,0.948
2026-05-30 01:25:05,226.07,1.844,377.39,147.4471,49.85,0.968,224.1,2.193,418.43,86.6381,49.7,0.896,232.9,0.855,181.92,203.9908,50.29,0.98
2026-05-30 01:25:09,231.35,1.378,279.88,157.4111,50.02,0.929,226.93,2.382,514.28,99.1519,49.92,0.926,234.59,1.206,256.18,202.4064,50.1,0.924
2026-05-30 01:25:12,231.62,1.245,247.65,151.0589,50.02,0.942,226.11,3.197,647.01,88.8892,50.08,0.887,228.02,0.778,174.38,202.0672,50.09,0.969
2026-05-30 01:25:16,233.67,1.205,243.52,149.7643,49.99,0.931,231.22,2.401,523.08,93.1566,49.78,0.91,229.93,1.146,243.26,197.5427,50.09,0.95
2026-05-30 01:25:19,229.31,1.879,400.99,150.7646,50,0.944,225.19,2.55,503.62,91.5986,49.87,0.909,229.04,1.471,307.67,198.0219,50.16,0.966
2026-05-30 01:25:23,227.56,1.75,376.82,152.185,50.06,0.965,228.29,2.781,538.41,90.8617,49.75,0.854,230.73,0.737,157.73,206.9113,50.03,0.93
2026-05-30 01:25:26,232.37,1.513,333.01,154.5437,50.02,0.9,225.18,1.825,344.88,88.6253,49.71,0.916,235.56,1.325,304.17,198.618,50.06,0.927
2026-05-30 01:25:30,233.53,1.615,349.92,151.4084,49.89,0.902,231.52,2.199,437.1,90.4356,49.86,0.947,233.81,1.367,304.91,200.7562,50.01,0.942
2026-05-30 01:25:34,230.12,1.269,258.14,145.1318,49.86,0.965,228.79,3.099,609.7,93.0223,49.87,0.886,231.2,1.227,263.18,208.9197,50.04,0.957
2026-05-30 01:25:37,227.38,1.501,314.34,158.1518,49.81,0.913,227.75,2.495,499.77,90.6586,49.75,0.893,230.64,0.742,158.75,196.3993,50.17,0.937
2026-05-30 01:25:40,231.28,1.562,325.61,149.3143,49.97,0.977,232.38,2.802,534.89,94.2098,49.9,0.895,235.29,0.665,146.63,208.4821,50.12,0.944
2026-05-30 01:25:44,226.35,1.984,426.53,159.2286,49.87,0.912,230.76,2.771,608.61,99.9943,49.98,0.871,233.45,0.906,193.1,190.0766,50.02,0.932
2026-05-30 01:25:47,226.88,1.805,388.82,145.5996,50.18,0.958,224.98,2.595,485.69,98.2021,49.84,0.903,229.57,0.74,162.98,190.1543,50.29,0.964
2026-05-30 01:25:51,233.38,1.776,386.81,156.5125,50.15,0.965,231.01,2.424,519.91,85.6707,50.08,0.949,232.15,1.426,304.9,209.3064,50.17,0.932
2026-05-30 01:25:54,226.76,1.591,322.43,157.6859,50.15,0.889,230.5,2.56,563.44,96.7256,49.82,0.869,235.02,1.196,253.41,205.4933,50.04,0.965
2026-05-30 01:25:58,227.31,1.825,392.47,145.9996,49.93,0.978,228.78,2.929,576.13,88.2998,50.02,0.917,232.12,1.134,259.05,202.1978,50.19,0.959
2026-05-30 01:26:02,227.15,1.873,382.2,141.5743,49.88,0.951,231.73,3.096,647.61,89.4603,49.85,0.869,234.23,0.851,187.03,194.7591,50.11,0.929
2026-05-30 01:26:05,229.18,1.784,390.67,141.2533,49.92,0.973,226.87,1.819,356.53,97.8204,50.08,0.91,230.05,0.979,213.81,206.6046,50.03,0.958
2026-05-30 01:26:09,228.61,1.976,433.2,157.2133,49.91,0.903,228.12,2.118,409.99,85.0599,50.01,0.942,233.9,1.174,256.4,207.1478,50.17,0.933
2026-05-30 01:26:12,232.99,1.533,344.58,158.9107,50.16,0.955,228.02,2.522,536.67,98.7982,49.74,0.941,235.45,1.125,240.31,207.9658,50.15,0.961
2026-05-30 01:26:15,232,1.94,430.38,157.1199,50.18,0.98,228.49,3.029,659.69,88.0295,50.04,0.882,229.78,1.197,264.25,197.1727,50.02,0.969
2026-05-30 01:26:19,228.25,1.82,398.57,147.7222,50.18,0.94,231.43,2.216,459.99,88.6215,49.88,0.932,234.28,1.165,255.77,199.2947,50.25,0.972
2026-05-30 01:26:22,232.25,1.2,268.06,141.9892,49.8,0.885,230.53,1.93,416.15,99.4715,50.02,0.893,234.45,0.686,152.02,205.4281,50,0.925
2026-05-30 01:26:26,232.68,1.8,364.81,158.5482,50.08,0.922,224.43,3.038,571.59,85.6982,50.04,0.912,231.27,0.682,154.21,207.1432,50.16,0.989
2026-05-30 01:26:30,232.31,1.96,396.57,145.2793,49.83,0.97,227.49,3.125,590.6,95.446,50.06,0.889,230.44,0.831,183.07,205.8177,50.03,0.976
2026-05-30 01:26:33,231.24,1.847,416.18,145.7271,49.85,0.979,232.07,1.845,400.89,85.5119,49.99,0.862,234.9,1.097,250.65,197.6913,50.15,0.97
2026-05-30 01:26:36,231.11,1.686,342.29,153.8274,50.12,0.946,231.58,1.927,383,91.6353,49.72,0.866,235.54,0.647,146.27,205.5132,50.29,0.988
2026-05-30 01:26:40,226.91,1.808,383.84,157.6014,49.89,0.933,225.61,3.102,582.65,89.5708,49.8,0.907,234.88,0.722,166.31,208.1539,50.23,0.94
2026-05-30 01:26:44,229.77,1.806,354.49,148.0785,50.13,0.897,226.89,1.939,369.56,98.9073,49.76,0.937,228.23,0.939,204.75,195.9882,50.26,0.963
2026-05-30 01:26:47,227.67,1.372,305.47,154.9672,49.99,0.967,225.57,3.113,622.33,95.9853,49.86,0.87,232.99,0.78,166.04,207.1382,50.23,0.954
2026-05-30 01:26:51,226.71,1.707,351.81,150.8921,50.07,0.898,230.31,2.854,624.55,98.6478,49.9,0.889,230.91,0.884,195.34,199.0947,50.12,0.947
2026-05-30 01:26:54,227.34,1.682,325.54,141.2122,49.82,0.905,227.6,2.502,533.31,87.422,50.03,0.864,233.35,0.691,155.33,205.3991,50.26,0.932
2026-05-30 01:26:58,227.84,1.626,362.97,143.9496,49.9,0.954,225.15,2.917,566.11,95.7292,49.96,0.932,229.77,0.76,164.98,194.4453,50.13,0.937
2026-05-30 01:27:01,227.53,1.506,334.23,148.0022,50.07,0.921,232,1.972,426.43,96.7287,49.99,0.902,230.88,1.291,269.76,192.2614,50.06,0.965
2026-05-30 01:27:05,229.86,1.958,403.12,159.1358,50.01,0.887,226.55,2.242,466.63,94.2426,50.08,0.859,235.69,1.121,256.86,203.3332,50.15,0.925
2026-05-30 01:27:09,228.85,1.669,362.7,156.5592,49.82,0.966,231.78,2.181,460.56,95.0558,50.06,0.893,232.75,1.294,280.45,203.4975,50,0.987
2026-05-30 01:27:12,228,1.435,306.38,149.6862,49.84,0.954,230.76,2.557,564.58,90.6946,49.93,0.893,230.31,1.164,263.43,206.2757,50.06,0.973
2026-05-30 01:27:15,232.03,1.761,390.09,147.2567,49.91,0.894,224.65,3.153,609.65,98.2773,49.9,0.875,231.7,0.652,143.16,197.7599,50.05,0.97
2026-05-30 01:27:19,233.66,1.899,401.92,159.7034,49.96,0.888,230.01,3.193,611.69,94.085,49.93,0.946,232.31,0.659,141.6,197.8321,50.21,0.976
2026-05-30 01:27:22,226.44,1.996,432.25,148.5216,50.18,0.924,226.08,2.374,504.2,86.1868,50.08,0.917,231.55,1.223,263.51,197.6719,50.06,0.96
2026-05-30 01:27:26,228.44,1.782,392.7,144.0968,50.01,0.892,224.79,2.457,468.67,86.9973,49.88,0.938,232.89,1.16,266.44,200.4355,50.15,0.923
2026-05-30 01:27:29,231.17,1.666,337.85,147.1194,49.85,0.899,227.06,2.57,544.96,97.1395,50.1,0.893,230.09,0.791,176.06,207.4281,50.08,0.921
2026-05-30 01:27:33,230.78,1.495,296.44,142.6143,50.06,0.899,232.43,2.313,443,91.7848,49.93,0.854,230.44,0.851,184.48,199.7433,50.14,0.938
2026-05-30 01:27:36,231.78,1.587,314.5,140.4838,50.04,0.933,228.35,2.258,452.45,96.6948,50.1,0.875,228.04,0.857,176.1,201.8699,50.2,0.963
2026-05-30 01:27:40,231.3,1.238,254.22,154.6276,49.94,0.954,229.08,1.909,380.7,94.9321,49.71,0.924,235.36,1.281,283.17,192.3511,50.29,0.923
2026-05-30 01:27:43,233.92,1.963,421.02,149.4063,49.88,0.956,229.93,2.417,499.47,97.7033,49.91,0.86,228.19,1.121,248.01,203.981,50.03,0.976
2026-05-30 01:27:47,226.15,1.77,371.96,142.9381,49.97,0.894,224.62,2.436,497.27,91.4624,49.95,0.928,234.99,1.122,255.8,200.6244,50.26,0.973
2026-05-30 01:27:51,233.17,1.814,375.05,143.8885,49.98,0.961,227.98,3.152,613.3,94.3965,50.06,0.875,233.3,0.811,182.68,200.4344,50.24,0.976
2026-05-30 01:27:54,226.37,1.608,353.66,155.7632,50.04,0.93,230.09,2.134,452.38,95.7438,49.93,0.935,234.78,0.72,152.84,209.3594,50.09,0.927
2026-05-30 01:27:57,230.39,1.512,326.48,159.6877,50.14,0.916,230.57,2.179,468.34,96.2929,49.94,0.933,235.38,0.849,189.97,199.6774,50.01,0.927
2026-05-30 01:28:01,229.44,1.698,341.11,149.6866,50.17,0.929,224.24,3.06,602.44,94.6047,49.74,0.932,231.67,0.773,171.98,197.3243,50.1,0.968
2026-05-30 01:28:04,232.95,1.242,280.01,156.4042,50.08,0.906,224.37,2.252,446.06,95.5375,49.71,0.947,231.02,0.604,135.7,204.606,50.27,0.95
2026-05-30 01:28:08,226.12,1.84,354.88,148.3462,49.89,0.915,230.42,1.864,360.63,99.4124,49.75,0.872,230.42,0.937,201.82,207.0134,50.07,0.954
2026-05-30 01:28:11,229.05,1.278,273.05,142.6066,50.07,0.925,228.69,2.029,396.62,90.288,49.82,0.93,232.72,1.295,271.46,201.0919,50.18,0.975
2026-05-30 01:28:15,232.42,1.915,413.24,159.1544,50.11,0.881,224.28,1.828,381.24,91.8394,49.77,0.858,232.65,0.969,204.72,192.3499,50.24,0.93
2026-05-30 01:28:18,227.57,1.257,263.31,145.9137,49.94,0.938,224.63,2.314,429.1,99.6559,50.06,0.88,232.48,0.78,176.5,201.2273,50.07,0.925
2026-05-30 01:28:22,231.92,1.31,272.81,141.4742,49.82,0.884,225.61,2.995,600.78,87.8904,50.05,0.906,235.81,0.645,141.88,190.73,50.28,0.935
2026-05-30 01:28:25,228.25,1.473,305.31,145.7129,50.11,0.973,230.53,2.587,535.96,97.0141,49.76,0.875,235.51,1.497,329.86,190.0427,50.07,0.938
2026-05-30 01:28:29,233.8,1.334,269.19,152.8057,49.95,0.952,224.05,1.829,347.8,97.4172,49.78,0.866,235.52,0.686,158.83,206.2377,50.07,0.971
2026-05-30 01:28:32,232.79,1.379,313.43,145.3304,49.94,0.962,231.15,1.879,370.09,95.3186,49.73,0.888,233.15,1.481,320.59,207.0894,50.25,0.97
2026-05-30 01:28:36,227.16,1.711,342.83,142.7001,50.17,0.924,224.93,3.031,645.86,92.7128,49.96,0.873,233.82,0.78,176.63,197.2954,50.25,0.924
2026-05-30 01:28:39,232.81,1.219,255.59,142.8874,50.11,0.932,229.34,2.351,477.14,90.9642,49.79,0.887,230.76,0.806,183.93,206.0188,50.16,0.93
2026-05-30 01:28:43,228.32,1.571,350.47,154.4149,50.05,0.954,228.87,2.801,569.68,93.9059,49.94,0.946,234.42,1.193,252.06,204.799,50.26,0.921
2026-05-30 01:28:46,228.98,1.204,253.62,150.8827,49.96,0.96,228.99,3.007,587.29,91.2692,49.87,0.928,230.33,0.826,178.27,207.8018,50.14,0.966
2026-05-30 01:29:09,0,0,0,0,0,0,0,0,0,0,0,0,0,0,0,0,0,0
2026-05-30 01:29:13,0,0,0,0,0,0,0,0,0,0,0,0,0,0,0,0,0,0
2026-05-30 01:29:17,0,0,0,0,0,0,0,0,0,0,0,0,0,0,0,0,0,0
2026-05-30 01:29:21,0,0,0,0,0,0,0,0,0,0,0,0,0,0,0,0,0,0
2026-05-30 01:29:25,0,0,0,0,0,0,0,0,0,0,0,0,0,0,0,0,0,0
2026-05-30 01:29:29,0,0,0,0,0,0,0,0,0,0,0,0,0,0,0,0,0,0
2026-05-30 01:29:32,0,0,0,0,0,0,0,0,0,0,0,0,0,0,0,0,0,0
2026-05-30 01:29:36,0,0,0,0,0,0,0,0,0,0,0,0,0,0,0,0,0,0
2026-05-30 01:29:40,0,0,0,0,0,0,0,0,0,0,0,0,0,0,0,0,0,0
2026-05-30 01:29:44,0,0,0,0,0,0,0,0,0,0,0,0,0,0,0,0,0,0
2026-05-30 01:29:47,0,0,0,0,0,0,0,0,0,0,0,0,0,0,0,0,0,0
2026-05-30 01:29:51,0,0,0,0,0,0,0,0,0,0,0,0,0,0,0,0,0,0
2026-05-30 01:29:55,0,0,0,0,0,0,0,0,0,0,0,0,0,0,0,0,0,0
2026-05-30 01:29:59,0,0,0,0,0,0,0,0,0,0,0,0,0,0,0,0,0,0
2026-05-30 01:30:02,0,0,0,0,0,0,0,0,0,0,0,0,0,0,0,0,0,0
2026-05-30 01:30:06,0,0,0,0,0,0,0,0,0,0,0,0,0,0,0,0,0,0
2026-05-30 01:30:10,0,0,0,0,0,0,0,0,0,0,0,0,0,0,0,0,0,0
2026-05-30 01:30:14,0,0,0,0,0,0,0,0,0,0,0,0,0,0,0,0,0,0
2026-05-30 01:30:17,0,0,0,0,0,0,0,0,0,0,0,0,0,0,0,0,0,0
2026-05-30 01:30:21,0,0,0,0,0,0,0,0,0,0,0,0,0,0,0,0,0,0
2026-05-30 01:30:25,0,0,0,0,0,0,0,0,0,0,0,0,0,0,0,0,0,0
2026-05-30 01:30:28,0,0,0,0,0,0,0,0,0,0,0,0,0,0,0,0,0,0
2026-05-30 01:30:32,0,0,0,0,0,0,0,0,0,0,0,0,0,0,0,0,0,0
2026-05-30 01:30:36,0,0,0,0,0,0,0,0,0,0,0,0,0,0,0,0,0,0
2026-05-30 01:30:40,0,0,0,0,0,0,0,0,0,0,0,0,0,0,0,0,0,0
2026-05-30 01:30:44,0,0,0,0,0,0,0,0,0,0,0,0,0,0,0,0,0,0
2026-05-30 01:30:48,0,0,0,0,0,0,0,0,0,0,0,0,0,0,0,0,0,0
2026-05-30 01:30:52,0,0,0,0,0,0,0,0,0,0,0,0,0,0,0,0,0,0
2026-05-30 15:53:28,221.9,0,0,0.239,49.9,0,222,0,0,0.096,50,0,0,0,0,0,0,0
2026-05-30 15:53:32,221.7,0,0,0.239,49.9,0,221.7,0,0,0.096,50,0,0,0,0,0,0,0
2026-05-30 15:53:36,223,0,0,0.239,49.9,0,223,0,0,0.096,49.9,0,0,0,0,0,0,0
2026-05-30 15:53:40,223.1,0,0,0.239,49.9,0,223.1,0,0,0.096,50,0,0,0,0,0,0,0
2026-05-30 15:53:44,223.1,0,0,0.239,49.9,0,223.1,0,0,0.096,49.9,0,0,0,0,0,0,0
2026-05-30 15:53:47,223.1,0,0,0.239,49.9,0,223.1,0,0,0.096,50,0,0,0,0,0,0,0
2026-05-30 15:53:51,223.2,0,0,0.239,49.9,0,223.2,0,0,0.096,50,0,0,0,0,0,0,0
2026-05-30 15:53:55,223.1,0,0,0.239,50,0,223.1,0,0,0.096,49.9,0,0,0,0,0,0,0
2026-05-30 15:53:58,222.9,0,0,0.239,49.9,0,223,0,0,0.096,50,0,0,0,0,0,0,0
2026-05-30 15:54:03,222.7,0,0,0.239,50,0,222.7,0,0,0.096,49.9,0,0,0,0,0,0,0
2026-05-30 15:54:06,222.9,0,0,0.239,49.9,0,222.9,0,0,0.096,50,0,0,0,0,0,0,0
2026-05-30 15:54:10,221.6,0,0,0.239,49.9,0,221.6,0,0,0.096,49.9,0,0,0,0,0,0,0
2026-05-30 15:54:14,221.7,0,0,0.239,49.9,0,221.7,0,0,0.096,50,0,0,0,0,0,0,0
2026-05-30 15:54:17,222.9,0,0,0.239,49.9,0,223,0,0,0.096,50,0,0,0,0,0,0,0
2026-05-30 15:54:21,222.9,0,0,0.239,49.9,0,223,0,0,0.096,49.9,0,0,0,0,0,0,0
2026-05-30 15:54:25,223.1,0,0,0.239,49.9,0,223.1,0,0,0.096,50,0,0,0,0,0,0,0
2026-05-30 15:54:29,222.9,0,0,0.239,50,0,223,0,0,0.096,50,0,0,0,0,0,0,0
2026-05-30 15:54:33,222.9,0,0,0.239,50,0,222.9,0,0,0.096,49.9,0,0,0,0,0,0,0
2026-05-30 15:54:37,222.8,0,0,0.239,50,0,222.9,0,0,0.096,50,0,0,0,0,0,0,0
2026-05-30 15:54:41,222.3,0,0,0.239,49.9,0,222.3,0,0,0.096,49.9,0,0,0,0,0,0,0
2026-05-30 15:54:45,222,0,0,0.239,49.9,0,222,0,0,0.096,50,0,0,0,0,0,0,0
2026-05-30 15:54:49,220.6,0,0,0.239,49.9,0,220.7,0,0,0.096,49.9,0,0,0,0,0,0,0
2026-05-30 15:54:54,0,0,0,0,0,0,0,0,0,0,0,0,0,0,0,0,0,0
2026-05-30 15:54:58,0,0,0,0,0,0,0,0,0,0,0,0,0,0,0,0,0,0
2026-05-30 15:55:02,0,0,0,0,0,0,0,0,0,0,0,0,0,0,0,0,0,0
2026-05-30 15:55:06,0,0,0,0,0,0,0,0,0,0,0,0,0,0,0,0,0,0
2026-05-30 15:55:10,0,0,0,0,0,0,0,0,0,0,0,0,0,0,0,0,0,0
2026-05-30 15:55:14,0,0,0,0,0,0,0,0,0,0,0,0,0,0,0,0,0,0
2026-05-30 15:55:17,0,0,0,0,0,0,0,0,0,0,0,0,0,0,0,0,0,0
2026-05-30 15:55:21,0,0,0,0,0,0,0,0,0,0,0,0,0,0,0,0,0,0
2026-05-30 15:55:26,0,0,0,0,0,0,0,0,0,0,0,0,0,0,0,0,0,0
2026-05-30 15:55:29,0,0,0,0,0,0,0,0,0,0,0,0,0,0,0,0,0,0
2026-05-30 15:55:33,0,0,0,0,0,0,0,0,0,0,0,0,0,0,0,0,0,0
2026-05-30 15:55:37,0,0,0,0,0,0,0,0,0,0,0,0,0,0,0,0,0,0
2026-05-30 15:55:41,0,0,0,0,0,0,0,0,0,0,0,0,0,0,0,0,0,0
2026-05-30 15:55:45,0,0,0,0,0,0,0,0,0,0,0,0,0,0,0,0,0,0
2026-05-30 15:55:49,0,0,0,0,0,0,0,0,0,0,0,0,0,0,0,0,0,0
2026-05-30 15:55:52,0,0,0,0,0,0,0,0,0,0,0,0,0,0,0,0,0,0
2026-05-30 15:55:56,0,0,0,0,0,0,0,0,0,0,0,0,0,0,0,0,0,0
2026-05-30 15:56:01,0,0,0,0,0,0,0,0,0,0,0,0,0,0,0,0,0,0
2026-05-30 15:56:05,0,0,0,0,0,0,0,0,0,0,0,0,0,0,0,0,0,0
2026-05-30 15:56:08,0,0,0,0,0,0,0,0,0,0,0,0,0,0,0,0,0,0
2026-05-30 15:56:12,0,0,0,0,0,0,0,0,0,0,0,0,0,0,0,0,0,0
2026-05-30 15:56:16,0,0,0,0,0,0,0,0,0,0,0,0,0,0,0,0,0,0
2026-05-30 15:56:21,0,0,0,0,0,0,0,0,0,0,0,0,0,0,0,0,0,0
2026-05-30 15:56:24,0,0,0,0,0,0,0,0,0,0,0,0,0,0,0,0,0,0
2026-05-30 15:56:29,0,0,0,0,0,0,0,0,0,0,0,0,0,0,0,0,0,0
2026-05-30 15:56:32,0,0,0,0,0,0,0,0,0,0,0,0,0,0,0,0,0,0
2026-05-30 15:56:36,0,0,0,0,0,0,0,0,0,0,0,0,0,0,0,0,0,0
2026-05-30 15:56:40,0,0,0,0,0,0,0,0,0,0,0,0,0,0,0,0,0,0
2026-05-30 15:56:44,0,0,0,0,0,0,0,0,0,0,0,0,0,0,0,0,0,0
2026-05-30 15:56:48,0,0,0,0,0,0,0,0,0,0,0,0,0,0,0,0,0,0
2026-05-30 15:56:51,0,0,0,0,0,0,0,0,0,0,0,0,0,0,0,0,0,0
2026-05-30 15:56:56,223.3,0,0,0.239,50,0,223.3,0,0,0.096,50,0,0,0,0,0,0,0
2026-05-30 15:57:00,223.3,0,0,0.239,50,0,223.4,0,0,0.096,50,0,0,0,0,0,0,0
2026-05-30 15:57:03,223.3,0,0,0.239,50,0,223.4,0,0,0.096,50,0,0,0,0,0,0,0
2026-05-30 15:57:07,0,0,0,0,0,0,0,0,0,0,0,0,0,0,0,0,0,0
2026-05-30 15:57:14,0,0,0,0,0,0,0,0,0,0,0,0,0,0,0,0,0,0
2026-05-30 15:57:23,0,0,0,0,0,0,0,0,0,0,0,0,0,0,0,0,0,0
2026-05-30 15:57:26,0,0,0,0,0,0,0,0,0,0,0,0,0,0,0,0,0,0
2026-05-30 15:57:30,0,0,0,0,0,0,0,0,0,0,0,0,0,0,0,0,0,0
2026-05-30 15:57:34,0,0,0,0,0,0,0,0,0,0,0,0,0,0,0,0,0,0
2026-05-30 15:57:38,0,0,0,0,0,0,0,0,0,0,0,0,0,0,0,0,0,0
2026-05-30 15:57:42,0,0,0,0,0,0,0,0,0,0,0,0,0,0,0,0,0,0
2026-05-30 15:57:46,0,0,0,0,0,0,0,0,0,0,0,0,0,0,0,0,0,0
2026-05-30 15:57:50,0,0,0,0,0,0,0,0,0,0,0,0,0,0,0,0,0,0
2026-05-30 15:57:53,0,0,0,0,0,0,0,0,0,0,0,0,0,0,0,0,0,0
2026-05-30 15:57:58,0,0,0,0,0,0,0,0,0,0,0,0,0,0,0,0,0,0
2026-05-30 15:58:05,224.2,0,0,0.239,50,0,224.2,0,0,0.096,50,0,0,0,0,0,0,0
2026-05-30 15:58:09,224.4,0,0,0.239,50,0,224.4,0,0,0.096,50,0,0,0,0,0,0,0
2026-05-30 15:58:12,224.4,0,0,0.239,50,0,224.4,0,0,0.096,50,0,0,0,0,0,0,0
2026-05-30 15:58:17,224.2,0,0,0.239,50,0,224.2,0,0,0.096,50,0,0,0,0,0,0,0
2026-05-30 15:58:20,224.6,0,0,0.239,50,0,224.6,0,0,0.096,50,0,0,0,0,0,0,0
2026-05-30 15:58:24,224.3,0,0,0.239,50,0,224.4,0,0,0.096,50,0,0,0,0,0,0,0
2026-05-30 15:58:28,222.1,0,0,0.239,50,0,222,0,0,0.096,50,0,0,0,0,0,0,0
2026-05-30 16:00:22,0,0,0,0,0,0,0,0,0,0,0,0,0,0,0,0,0,0
2026-05-30 16:00:26,0,0,0,0,0,0,0,0,0,0,0,0,0,0,0,0,0,0
2026-05-30 16:00:30,0,0,0,0,0,0,0,0,0,0,0,0,0,0,0,0,0,0
2026-05-30 16:00:34,0,0,0,0,0,0,0,0,0,0,0,0,0,0,0,0,0,0
2026-05-30 16:00:38,0,0,0,0,0,0,0,0,0,0,0,0,0,0,0,0,0,0
2026-05-30 16:00:42,0,0,0,0,0,0,0,0,0,0,0,0,0,0,0,0,0,0
2026-05-30 16:00:46,0,0,0,0,0,0,0,0,0,0,0,0,0,0,0,0,0,0
2026-05-30 16:00:50,0,0,0,0,0,0,0,0,0,0,0,0,0,0,0,0,0,0
2026-05-30 16:00:53,0,0,0,0,0,0,0,0,0,0,0,0,0,0,0,0,0,0
2026-05-30 16:00:57,0,0,0,0,0,0,0,0,0,0,0,0,0,0,0,0,0,0
2026-05-30 16:01:01,0,0,0,0,0,0,0,0,0,0,0,0,0,0,0,0,0,0
2026-05-30 16:01:06,0,0,0,0,0,0,0,0,0,0,0,0,0,0,0,0,0,0
2026-05-30 16:01:09,0,0,0,0,0,0,0,0,0,0,0,0,0,0,0,0,0,0
2026-05-30 16:01:14,0,0,0,0,0,0,0,0,0,0,0,0,0,0,0,0,0,0
2026-05-30 16:01:17,0,0,0,0,0,0,0,0,0,0,0,0,0,0,0,0,0,0
2026-05-30 16:01:21,0,0,0,0,0,0,0,0,0,0,0,0,0,0,0,0,0,0
2026-05-30 16:01:27,0,0,0,0,0,0,0,0,0,0,0,0,0,0,0,0,0,0
2026-05-30 16:01:31,0,0,0,0,0,0,0,0,0,0,0,0,0,0,0,0,0,0
2026-05-30 16:01:35,0,0,0,0,0,0,0,0,0,0,0,0,0,0,0,0,0,0
2026-05-30 16:01:39,0,0,0,0,0,0,0,0,0,0,0,0,0,0,0,0,0,0
2026-05-30 16:01:43,0,0,0,0,0,0,0,0,0,0,0,0,0,0,0,0,0,0
2026-05-30 16:01:47,0,0,0,0,0,0,0,0,0,0,0,0,0,0,0,0,0,0
2026-05-30 16:01:51,0,0,0,0,0,0,0,0,0,0,0,0,0,0,0,0,0,0
2026-05-30 16:01:55,0,0,0,0,0,0,0,0,0,0,0,0,0,0,0,0,0,0
2026-05-30 16:01:59,0,0,0,0,0,0,0,0,0,0,0,0,0,0,0,0,0,0
2026-05-30 16:02:03,0,0,0,0,0,0,0,0,0,0,0,0,0,0,0,0,0,0
2026-05-30 16:02:21,0,0,0,0,0,0,0,0,0,0,0,0,0,0,0,0,0,0
2026-05-30 16:02:25,0,0,0,0,0,0,0,0,0,0,0,0,0,0,0,0,0,0
2026-05-30 16:12:24,0,0,0,0,0,0,0,0,0,0,0,0,0,0,0,0,0,0
2026-05-30 16:12:31,0,0,0,0,0,0,0,0,0,0,0,0,0,0,0,0,0,0
2026-05-30 16:12:35,0,0,0,0,0,0,0,0,0,0,0,0,0,0,0,0,0,0
2026-05-30 16:12:38,0,0,0,0,0,0,0,0,0,0,0,0,0,0,0,0,0,0
2026-05-30 16:12:42,0,0,0,0,0,0,0,0,0,0,0,0,0,0,0,0,0,0
2026-05-30 16:12:46,0,0,0,0,0,0,0,0,0,0,0,0,0,0,0,0,0,0
2026-05-30 16:12:50,0,0,0,0,0,0,0,0,0,0,0,0,0,0,0,0,0,0
2026-05-30 16:13:25,0,0,0,0,0,0,0,0,0,0,0,0,0,0,0,0,0,0
2026-05-30 16:13:30,0,0,0,0,0,0,0,0,0,0,0,0,0,0,0,0,0,0
2026-05-30 16:13:34,0,0,0,0,0,0,0,0,0,0,0,0,0,0,0,0,0,0
2026-05-30 17:59:24,0,0,0,0,0,0,0,0,0,0,0,0,0,0,0,0,0,0
2026-05-30 17:59:30,0,0,0,0,0,0,0,0,0,0,0,0,0,0,0,0,0,0
2026-05-30 17:59:36,0,0,0,0,0,0,0,0,0,0,0,0,0,0,0,0,0,0
2026-05-30 17:59:42,0,0,0,0,0,0,0,0,0,0,0,0,0,0,0,0,0,0
2026-05-30 17:59:47,0,0,0,0,0,0,0,0,0,0,0,0,0,0,0,0,0,0
2026-05-30 17:59:52,0,0,0,0,0,0,0,0,0,0,0,0,0,0,0,0,0,0
2026-05-30 17:59:59,0,0,0,0,0,0,0,0,0,0,0,0,0,0,0,0,0,0
2026-05-30 18:00:04,2231.1,2774839.25,257239296,2265398.75,4573.5,153.56,367.8,890780,60734968,4282126.5,3238.2,386.88,0,0,0,0,0,0
2026-05-30 18:00:09,240.2,0,0,0.239,50,0,240.2,0,0,0.096,50,0,0,0,0,0,0,0
2026-05-30 18:00:14,240.1,0,0,0.239,50,0,240.1,0,0,0.096,50,0,0,0,0,0,0,0
2026-05-30 18:00:19,240.2,0,0,0.239,50,0,240.3,0,0,0.096,50,0,0,0,0,0,0,0
2026-05-30 18:00:24,240.7,0,0,0.239,50,0,240.7,0,0,0.096,50,0,0,0,0,0,0,0
2026-05-30 18:00:29,240.7,0,0,0.239,50,0,240.8,0,0,0.096,50,0,0,0,0,0,0,0
2026-05-30 18:00:34,240.5,0,0,0.239,50,0,240.5,0,0,0.096,50,0,0,0,0,0,0,0
2026-05-30 18:00:40,240.4,0,0,0.239,50,0,240.5,0,0,0.096,50,0,0,0,0,0,0,0
2026-05-30 18:00:44,238.5,0.021,4.6,0.239,50,0.92,238.6,0.021,4.7,0.096,50,0.94,0,0,0,0,0,0
2026-05-30 18:00:50,238.5,0.021,4.6,0.239,50,0.92,238.6,0.021,4.7,0.096,50,0.94,0,0,0,0,0,0
2026-05-30 18:00:56,238.5,0.021,4.6,0.239,50,0.92,238.5,0.021,4.6,0.096,50,0.92,0,0,0,0,0,0
2026-05-30 18:01:01,238.4,0.021,4.6,0.239,50,0.92,238.4,0.02,4.6,0.096,50,0.96,0,0,0,0,0,0
2026-05-30 18:01:06,238.2,0.021,4.7,0.239,50,0.94,238.3,0.021,4.7,0.096,50,0.94,0,0,0,0,0,0
2026-05-30 18:01:12,238.2,0.021,4.6,0.239,50,0.92,238.2,0.021,4.6,0.096,50,0.92,0,0,0,0,0,0
2026-05-30 18:01:18,238.1,0.021,4.6,0.239,50,0.92,238.2,0.021,4.7,0.096,50,0.94,0,0,0,0,0,0
2026-05-30 18:01:24,239.4,0,0,0.239,50,0,239.5,0,0,0.096,50,0,0,0,0,0,0,0
2026-05-30 18:01:29,239.5,0,0,0.239,50,0,239.5,0,0,0.096,50,0,0,0,0,0,0,0
2026-05-30 18:01:35,0,0,0,0,0,0,0,0,0,0,0,0,0,0,0,0,0,0
2026-05-30 18:01:41,0,0,0,0,0,0,0,0,0,0,0,0,0,0,0,0,0,0
2026-05-30 18:01:46,0,0,0,0,0,0,0,0,0,0,0,0,0,0,0,0,0,0
2026-05-30 18:01:51,0,0,0,0,0,0,0,0,0,0,0,0,0,0,0,0,0,0
2026-05-30 18:01:57,0,0,0,0,0,0,0,0,0,0,0,0,0,0,0,0,0,0
2026-05-30 18:02:02,0,0,0,0,0,0,0,0,0,0,0,0,0,0,0,0,0,0
2026-05-30 18:02:09,0,0,0,0,0,0,0,0,0,0,0,0,0,0,0,0,0,0
2026-05-30 18:02:15,0,0,0,0,0,0,0,0,0,0,0,0,0,0,0,0,0,0
2026-05-30 18:02:20,0,0,0,0,0,0,0,0,0,0,0,0,0,0,0,0,0,0
2026-05-30 18:02:26,0,0,0,0,0,0,0,0,0,0,0,0,0,0,0,0,0,0
2026-05-30 18:02:33,0,0,0,0,0,0,0,0,0,0,0,0,0,0,0,0,0,0
2026-05-30 18:02:39,0,0,0,0,0,0,0,0,0,0,0,0,0,0,0,0,0,0
2026-05-30 18:02:45,0,0,0,0,0,0,0,0,0,0,0,0,0,0,0,0,0,0
2026-05-30 18:02:50,0,0,0,0,0,0,0,0,0,0,0,0,0,0,0,0,0,0
2026-05-30 18:02:56,0,0,0,0,0,0,0,0,0,0,0,0,0,0,0,0,0,0
2026-05-30 18:03:02,0,0,0,0,0,0,0,0,0,0,0,0,0,0,0,0,0,0
2026-05-30 18:03:07,0,0,0,0,0,0,0,0,0,0,0,0,0,0,0,0,0,0
2026-05-30 18:03:14,0,0,0,0,0,0,0,0,0,0,0,0,0,0,0,0,0,0
2026-05-30 18:03:19,0,0,0,0,0,0,0,0,0,0,0,0,0,0,0,0,0,0
2026-05-30 18:03:25,0,0,0,0,0,0,0,0,0,0,0,0,0,0,0,0,0,0
2026-05-30 18:03:31,0,0,0,0,0,0,0,0,0,0,0,0,0,0,0,0,0,0
2026-05-30 18:03:38,0,0,0,0,0,0,0,0,0,0,0,0,0,0,0,0,0,0
2026-05-30 18:03:44,0,0,0,0,0,0,0,0,0,0,0,0,0,0,0,0,0,0
2026-05-30 18:03:50,0,0,0,0,0,0,0,0,0,0,0,0,0,0,0,0,0,0
2026-05-30 18:03:55,0,0,0,0,0,0,0,0,0,0,0,0,0,0,0,0,0,0
2026-05-30 18:04:01,0,0,0,0,0,0,0,0,0,0,0,0,0,0,0,0,0,0
2026-05-30 18:04:07,0,0,0,0,0,0,0,0,0,0,0,0,0,0,0,0,0,0
2026-05-30 18:04:13,0,0,0,0,0,0,0,0,0,0,0,0,0,0,0,0,0,0
2026-05-30 18:04:19,0,0,0,0,0,0,0,0,0,0,0,0,0,0,0,0,0,0
2026-05-30 18:04:25,0,0,0,0,0,0,0,0,0,0,0,0,0,0,0,0,0,0
2026-05-30 18:04:31,0,0,0,0,0,0,0,0,0,0,0,0,0,0,0,0,0,0
2026-05-30 18:04:37,0,0,0,0,0,0,0,0,0,0,0,0,0,0,0,0,0,0
2026-05-30 18:04:47,0,0,0,0,0,0,0,0,0,0,0,0,0,0,0,0,0,0
2026-05-30 18:05:01,0,0,0,0,0,0,0,0,0,0,0,0,0,0,0,0,0,0
2026-05-30 18:05:29,0,0,0,0,0,0,0,0,0,0,0,0,0,0,0,0,0,0
2026-05-30 18:05:35,0,0,0,0,0,0,0,0,0,0,0,0,0,0,0,0,0,0
2026-05-30 18:05:41,0,0,0,0,0,0,0,0,0,0,0,0,0,0,0,0,0,0
2026-05-30 18:05:47,0,0,0,0,0,0,0,0,0,0,0,0,0,0,0,0,0,0
2026-05-30 18:06:03,0,0,0,0,0,0,0,0,0,0,0,0,0,0,0,0,0,0
2026-05-30 18:06:14,0,0,0,0,0,0,0,0,0,0,0,0,0,0,0,0,0,0
2026-05-30 18:06:40,237.3,0.84,4.6,0.239,50,0.92,237.4,0.84,4.6,0.096,50,0.92,0,0,0,0,0,0
2026-05-30 18:06:46,237,0.84,4.6,0.239,49.9,0.92,237,0.84,4.6,0.096,50,0.92,0,0,0,0,0,0
2026-05-30 18:06:51,234.8,0.84,4.5,0.239,50,0.91,234.9,0.84,4.5,0.096,50,0.91,0,0,0,0,0,0
2026-05-30 18:06:56,236.6,0.84,4.6,0.239,49.9,0.93,236.7,0.84,4.6,0.096,49.9,0.93,0,0,0,0,0,0
2026-05-30 18:07:02,236.6,0.84,4.6,0.239,49.9,0.93,236.7,0.84,4.6,0.096,50,0.93,0,0,0,0,0,0
2026-05-30 18:07:08,236.6,0.84,4.6,0.239,49.9,0.93,236.7,0.84,4.6,0.096,49.9,0.93,0,0,0,0,0,0
2026-05-30 18:07:13,236.7,0.8,4.5,0.239,49.9,0.95,236.7,0.84,4.6,0.096,50,0.93,0,0,0,0,0,0
2026-05-30 18:07:18,235.5,0.84,4.5,0.239,49.9,0.91,235.6,0.84,4.5,0.096,49.9,0.91,0,0,0,0,0,0
2026-05-30 18:07:24,236.6,0.8,4.5,0.239,49.9,0.95,236.7,0.84,4.6,0.096,49.9,0.93,0,0,0,0,0,0
2026-05-30 18:07:34,237.8,0.84,4.7,0.239,49.9,0.94,237.9,0.84,4.6,0.096,49.9,0.92,0,0,0,0,0,0
2026-05-30 18:07:40,239.2,0.84,4.7,0.239,50,0.94,239.3,0.84,4.7,0.096,50,0.94,0,0,0,0,0,0
2026-05-30 18:07:46,0,0,0,0,0,0,0,0,0,0,0,0,0,0,0,0,0,0
2026-05-30 18:07:51,0,0,0,0,0,0,0,0,0,0,0,0,0,0,0,0,0,0
2026-05-30 18:07:56,0,0,0,0,0,0,0,0,0,0,0,0,0,0,0,0,0,0
2026-05-30 18:08:02,0,0,0,0,0,0,0,0,0,0,0,0,0,0,0,0,0,0
2026-05-30 18:08:08,0,0,0,0,0,0,0,0,0,0,0,0,0,0,0,0,0,0
2026-05-30 18:08:14,0,0,0,0,0,0,0,0,0,0,0,0,0,0,0,0,0,0
2026-05-30 18:08:19,0,0,0,0,0,0,0,0,0,0,0,0,0,0,0,0,0,0
2026-05-30 18:08:25,0,0,0,0,0,0,0,0,0,0,0,0,0,0,0,0,0,0
2026-05-30 18:08:31,0,0,0,0,0,0,0,0,0,0,0,0,0,0,0,0,0,0